Name,Position,From,To,Location,Parish district
Sir Philip Martin Bailhache,Assistant Chief Minister,01/01/2014,28/01/2014,Island-wide,
Sir Philip Martin Bailhache,Assistant Chief Minister,01/01/2013,31/12/2013,Island-wide,
Sir Philip Martin Bailhache,Assistant Chief Minister,01/01/2012,31/12/2012,Island-wide,
Sir Philip Martin Bailhache,Assistant Chief Minister,25/11/2011,31/12/2011,Island-wide,
Frederick Ellyer Cohen,Assistant Chief Minister,14/01/2011,17/11/2011,Island-wide,
Ian Joseph Gorst,Assistant Chief Minister,01/01/2008,16/12/2008,Island-wide,
Ian Joseph Gorst,Assistant Chief Minister,01/01/2007,31/12/2007,Island-wide,
Ian Joseph Gorst,Assistant Chief Minister,01/01/2006,31/12/2006,Island-wide,
Ian Joseph Gorst,Assistant Chief Minister,09/12/2005,31/12/2005,Island-wide,
John Alexander Nicholas Le Fondré,Assistant Chief Minister,01/01/2011,14/01/2011,Island-wide,
John Alexander Nicholas Le Fondré,Assistant Chief Minister,01/01/2010,31/12/2010,Island-wide,
John Alexander Nicholas Le Fondré,Assistant Chief Minister,01/01/2009,31/12/2009,Island-wide,
John Alexander Nicholas Le Fondré,Assistant Chief Minister,16/12/2008,31/12/2008,Island-wide,
Philip Francis Cyril Ozouf,Assistant Chief Minister,01/01/2016,31/12/2016,Island-wide,
Philip Francis Cyril Ozouf,Assistant Chief Minister,01/01/2015,31/12/2015,Island-wide,
Philip Francis Cyril Ozouf,Assistant Chief Minister,28/01/2014,31/12/2014,Island-wide,
"Paul Francis Routier, M.B.E.",Assistant Chief Minister,01/01/2016,31/12/2016,Island-wide,
"Paul Francis Routier, M.B.E.",Assistant Chief Minister,01/01/2015,31/12/2015,Island-wide,
"Paul Francis Routier, M.B.E.",Assistant Chief Minister,01/01/2014,31/12/2014,Island-wide,
"Paul Francis Routier, M.B.E.",Assistant Chief Minister,01/01/2013,31/12/2013,Island-wide,
"Paul Francis Routier, M.B.E.",Assistant Chief Minister,01/01/2012,31/12/2012,Island-wide,
"Paul Francis Routier, M.B.E.",Assistant Chief Minister,25/11/2011,31/12/2011,Island-wide,
"Paul Francis Routier, M.B.E.",Assistant Chief Minister,01/01/2010,31/12/2010,Island-wide,
"Paul Francis Routier, M.B.E.",Assistant Chief Minister,01/01/2009,31/12/2009,Island-wide,
"Paul Francis Routier, M.B.E.",Assistant Chief Minister,16/12/2008,31/12/2008,Island-wide,
Kenneth Priaulx Vibert,Assistant Chief Minister,01/01/2008,16/12/2008,Island-wide,
Kenneth Priaulx Vibert,Assistant Chief Minister,01/01/2007,31/12/2007,Island-wide,
Kenneth Priaulx Vibert,Assistant Chief Minister,01/01/2006,31/12/2006,Island-wide,
Kenneth Priaulx Vibert,Assistant Chief Minister,09/12/2005,31/12/2005,Island-wide,
Scott Michael Wickenden,Assistant Chief Minister,12/07/2016,31/12/2016,Island-wide,
James Patrick Gorton Baker,"Assistant Economic Development, Tourism, Sport and Culture Minister",01/01/2014,13/11/2014,Island-wide,
James Patrick Gorton Baker,"Assistant Economic Development, Tourism, Sport and Culture Minister",01/01/2013,31/12/2013,Island-wide,
James Patrick Gorton Baker,"Assistant Economic Development, Tourism, Sport and Culture Minister",01/01/2012,31/12/2012,Island-wide,
James Patrick Gorton Baker,"Assistant Economic Development, Tourism, Sport and Culture Minister",17/11/2011,31/12/2011,Island-wide,
Geoffrey William Fisher,"Assistant Economic Development, Tourism, Sport and Culture Minister",01/01/2008,16/12/2008,Island-wide,
Geoffrey William Fisher,"Assistant Economic Development, Tourism, Sport and Culture Minister",01/01/2007,31/12/2007,Island-wide,
Geoffrey William Fisher,"Assistant Economic Development, Tourism, Sport and Culture Minister",01/01/2006,31/12/2006,Island-wide,
Geoffrey William Fisher,"Assistant Economic Development, Tourism, Sport and Culture Minister",09/12/2005,31/12/2005,Island-wide,
Carolyn Fiona Labey,"Assistant Economic Development, Tourism, Sport and Culture Minister",01/01/2014,13/11/2014,Island-wide,
Carolyn Fiona Labey,"Assistant Economic Development, Tourism, Sport and Culture Minister",01/01/2013,31/12/2013,Island-wide,
Carolyn Fiona Labey,"Assistant Economic Development, Tourism, Sport and Culture Minister",01/01/2012,31/12/2012,Island-wide,
Carolyn Fiona Labey,"Assistant Economic Development, Tourism, Sport and Culture Minister",17/11/2011,31/12/2011,Island-wide,
Alan John Henry Maclean,"Assistant Economic Development, Tourism, Sport and Culture Minister",01/01/2008,16/12/2008,Island-wide,
Alan John Henry Maclean,"Assistant Economic Development, Tourism, Sport and Culture Minister",01/01/2007,31/12/2007,Island-wide,
Alan John Henry Maclean,"Assistant Economic Development, Tourism, Sport and Culture Minister",01/01/2006,31/12/2006,Island-wide,
Alan John Henry Maclean,"Assistant Economic Development, Tourism, Sport and Culture Minister",09/12/2005,31/12/2005,Island-wide,
Leonard Norman,"Assistant Economic Development, Tourism, Sport and Culture Minister",01/01/2011,17/11/2011,Island-wide,
Leonard Norman,"Assistant Economic Development, Tourism, Sport and Culture Minister",01/01/2010,31/12/2010,Island-wide,
Leonard Norman,"Assistant Economic Development, Tourism, Sport and Culture Minister",01/01/2009,31/12/2009,Island-wide,
Leonard Norman,"Assistant Economic Development, Tourism, Sport and Culture Minister",16/12/2008,31/12/2008,Island-wide,
Murray Julian Norton,"Assistant Economic Development, Tourism, Sport and Culture Minister",01/01/2016,31/12/2016,Island-wide,
Murray Julian Norton,"Assistant Economic Development, Tourism, Sport and Culture Minister",01/01/2015,31/12/2015,Island-wide,
Murray Julian Norton,"Assistant Economic Development, Tourism, Sport and Culture Minister",13/11/2014,31/12/2014,Island-wide,
Stephen William Pallett,"Assistant Economic Development, Tourism, Sport and Culture Minister",01/01/2015,31/12/2015,Island-wide,
Stephen William Pallett,"Assistant Economic Development, Tourism, Sport and Culture Minister",13/11/2014,31/12/2014,Island-wide,
Stephen William Pallett,"Assistant Economic Development, Tourism, Sport and Culture Minister",01/01/2016,31/12/2016,Island-wide,
"Paul Francis Routier, M.B.E.","Assistant Economic Development, Tourism, Sport and Culture Minister",01/01/2011,17/11/2011,Island-wide,
"Paul Francis Routier, M.B.E.","Assistant Economic Development, Tourism, Sport and Culture Minister",01/01/2010,31/12/2010,Island-wide,
"Paul Francis Routier, M.B.E.","Assistant Economic Development, Tourism, Sport and Culture Minister",01/01/2009,31/12/2009,Island-wide,
"Paul Francis Routier, M.B.E.","Assistant Economic Development, Tourism, Sport and Culture Minister",16/12/2008,31/12/2008,Island-wide,
Sir Philip Martin Bailhache ,Assistant Education Minister,01/01/2016,31/12/2016,Island-wide,
Sir Philip Martin Bailhache ,Assistant Education Minister,01/01/2015,31/12/2015,Island-wide,
Sir Philip Martin Bailhache ,Assistant Education Minister,13/11/2014,31/12/2014,Island-wide,
Roderick Gordon Bryans,Assistant Education Minister,01/01/2014,13/11/2014,Island-wide,
Roderick Gordon Bryans,Assistant Education Minister,01/01/2013,31/12/2013,Island-wide,
Roderick Gordon Bryans,Assistant Education Minister,01/01/2012,31/12/2012,Island-wide,
Roderick Gordon Bryans,Assistant Education Minister,17/11/2011,31/12/2011,Island-wide,
Anne Teresa Dupre,Assistant Education Minister,01/01/2011,17/11/2011,Island-wide,
Anne Teresa Dupre,Assistant Education Minister,01/01/2010,31/12/2010,Island-wide,
Anne Teresa Dupre,Assistant Education Minister,01/01/2009,31/12/2009,Island-wide,
Anne Teresa Dupre,Assistant Education Minister,16/12/2008,31/12/2008,Island-wide,
John Benjamin Fox,Assistant Education Minister,01/01/2008,16/12/2008,Island-wide,
John Benjamin Fox,Assistant Education Minister,01/01/2007,31/12/2007,Island-wide,
John Benjamin Fox,Assistant Education Minister,01/01/2006,31/12/2006,Island-wide,
John Benjamin Fox,Assistant Education Minister,09/12/2005,31/12/2005,Island-wide,
"Andrew Kenneth Francis Green, M.B.E.",Assistant Education Minister,01/01/2011,15/02/2011,Island-wide,
"Andrew Kenneth Francis Green, M.B.E.",Assistant Education Minister,01/01/2010,31/12/2010,Island-wide,
"Andrew Kenneth Francis Green, M.B.E.",Assistant Education Minister,01/01/2009,31/12/2009,Island-wide,
"Andrew Kenneth Francis Green, M.B.E.",Assistant Education Minister,16/12/2008,31/12/2008,Island-wide,
Carolyn Fiona Labey,Assistant Education Minister,01/01/2008,16/12/2008,Island-wide,
Carolyn Fiona Labey,Assistant Education Minister,01/01/2007,31/12/2007,Island-wide,
Carolyn Fiona Labey,Assistant Education Minister,01/01/2006,31/12/2006,Island-wide,
Carolyn Fiona Labey,Assistant Education Minister,09/12/2005,31/12/2005,Island-wide,
Roy George Le Hérissier,Assistant Education Minister,01/01/2014,13/11/2014,Island-wide,
Roy George Le Hérissier,Assistant Education Minister,01/01/2013,31/12/2013,Island-wide,
Roy George Le Hérissier,Assistant Education Minister,01/01/2012,31/12/2012,Island-wide,
Roy George Le Hérissier,Assistant Education Minister,17/11/2011,31/12/2011,Island-wide,
Anne Enid Pryke,Assistant Education Minister,22/06/2016,31/12/2016,Island-wide,
Tracey Anne Vallois,Assistant Education Minister,16/03/2011,17/11/2011,Island-wide,
Robert Charles Duhamel ,Assistant Environment Minister ,01/01/2011,12/07/2011,Island-wide,
Robert Charles Duhamel ,Assistant Environment Minister ,01/01/2010,31/12/2010,Island-wide,
Robert Charles Duhamel,Assistant Environment Minister ,18/05/2009,31/12/2009,Island-wide,
Richard Edward Norwood Dupré,Assistant Environment Minister ,01/01/2006,07/12/2006,Island-wide,
Richard Edward Norwood Dupré,Assistant Environment Minister ,09/12/2005,31/12/2005,Island-wide,
Collin Hedley Egré,Assistant Environment Minister ,14/01/2011,12/07/2011,Island-wide,
Carolyn Fiona Labey,Assistant Environment Minister ,01/01/2014,13/11/2014,Island-wide,
Carolyn Fiona Labey,Assistant Environment Minister ,01/01/2013,31/12/2013,Island-wide,
Carolyn Fiona Labey,Assistant Environment Minister ,01/01/2012,31/12/2012,Island-wide,
Carolyn Fiona Labey,Assistant Environment Minister ,25/11/2011,31/12/2011,Island-wide,
Stephen William Pallett,Assistant Environment Minister ,01/01/2016,31/12/2016,Island-wide,
Stephen William Pallett,Assistant Environment Minister ,01/01/2015,31/12/2015,Island-wide,
Stephen William Pallett,Assistant Environment Minister ,13/11/2014,31/12/2014,Island-wide,
Anne Enid Pryke,Assistant Environment Minister ,01/01/2008,31/12/2008,Island-wide,
Anne Enid Pryke,Assistant Environment Minister ,01/01/2016,31/12/2016,Island-wide,
Anne Enid Pryke,Assistant Environment Minister ,01/01/2015,31/12/2015,Island-wide,
Anne Enid Pryke,Assistant Environment Minister ,13/11/2014,31/12/2014,Island-wide,
Anne Enid Pryke,Assistant Environment Minister ,31/01/2007,31/12/2007,Island-wide,
Anne Enid Pryke ,Assistant Environment Minister ,01/01/2009,28/04/2009,Island-wide,
Judith Ann Martin,Assistant Health & Social Services Minister,01/01/2014,13/11/2014,Island-wide,
Judith Ann Martin,Assistant Health & Social Services Minister,01/01/2013,31/12/2013,Island-wide,
Judith Ann Martin,Assistant Health & Social Services Minister,01/01/2012,31/12/2012,Island-wide,
Judith Ann Martin,Assistant Health & Social Services Minister,25/11/2011,31/12/2011,Island-wide,
Judith Ann Martin,Assistant Health & Social Services Minister,01/01/2009,15/04/2009,Island-wide,
Judith Ann Martin,Assistant Health & Social Services Minister,16/12/2008,31/12/2008,Island-wide,
Peter Derek McLinton,Assistant Health & Social Services Minister,01/01/2016,31/12/2016,Island-wide,
Peter Derek McLinton,Assistant Health & Social Services Minister,01/01/2015,31/12/2015,Island-wide,
Peter Derek McLinton,Assistant Health & Social Services Minister,13/11/2014,31/12/2014,Island-wide,
Deidre Wendy Mezbourian,Assistant Health & Social Services Minister,01/01/2009,15/04/2009,Island-wide,
Deidre Wendy Mezbourian,Assistant Health & Social Services Minister,16/12/2008,31/12/2008,Island-wide,
James Leslie Perchard,Assistant Health & Social Services Minister,01/01/2008,11/12/2008,Island-wide,
James Leslie Perchard,Assistant Health & Social Services Minister,21/09/2007,31/12/2007,Island-wide,
John Martin Refault,Assistant Health & Social Services Minister,01/01/2014,31/12/2014,Island-wide,
John Martin Refault,Assistant Health & Social Services Minister,01/01/2013,31/12/2013,Island-wide,
John Martin Refault,Assistant Health & Social Services Minister,01/01/2012,31/12/2012,Island-wide,
John Martin Refault,Assistant Health & Social Services Minister,25/11/2011,31/12/2011,Island-wide,
John Martin Refault ,Assistant Health & Social Services Minister,01/01/2016,31/12/2016,Island-wide,
John Martin Refault ,Assistant Health & Social Services Minister,01/01/2015,31/12/2015,Island-wide,
Celia Joyce Scott Warren,Assistant Health & Social Services Minister,01/01/2007,17/08/2007,Island-wide,
Celia Joyce Scott Warren,Assistant Health & Social Services Minister,01/01/2006,31/12/2006,Island-wide,
Celia Joyce Scott Warren,Assistant Health & Social Services Minister,09/12/2005,31/12/2005,Island-wide,
Lyndon John Farnham,Assistant Home Affairs Minister,01/01/2013,31/12/2013,Island-wide,
Lyndon John Farnham,Assistant Home Affairs Minister,01/01/2012,31/12/2012,Island-wide,
Lyndon John Farnham,Assistant Home Affairs Minister,25/11/2011,31/12/2011,Island-wide,
Lyndon John Farnham,Assistant Home Affairs Minister,01/01/2014,11/11/2014,Island-wide,
Jacqueline Ann Hilton,Assistant Home Affairs Minister,01/01/2011,17/11/2011,Island-wide,
Jacqueline Ann Hilton,Assistant Home Affairs Minister,01/01/2010,31/12/2010,Island-wide,
Jacqueline Ann Hilton,Assistant Home Affairs Minister,01/01/2009,31/12/2009,Island-wide,
Jacqueline Ann Hilton,Assistant Home Affairs Minister,16/12/2008,31/12/2008,Island-wide,
Andrew David Lewis,Assistant Home Affairs Minister,01/01/2008,22/10/2008,Island-wide,
Andrew David Lewis,Assistant Home Affairs Minister,01/01/2007,31/12/2007,Island-wide,
Andrew David Lewis,Assistant Home Affairs Minister,01/01/2006,31/12/2006,Island-wide,
Andrew David Lewis,Assistant Home Affairs Minister,09/12/2005,31/12/2005,Island-wide,
Deidre Wendy Mezbourian,Assistant Home Affairs Minister,01/01/2016,31/12/2016,Island-wide,
Deidre Wendy Mezbourian,Assistant Home Affairs Minister,01/01/2015,31/12/2015,Island-wide,
Deidre Wendy Mezbourian,Assistant Home Affairs Minister,13/11/2014,31/12/2014,Island-wide,
Graeme Frank Butcher,Assistant Housing Minister,01/01/2011,01/02/2011,Island-wide,
Graeme Frank Butcher,Assistant Housing Minister,07/06/2010,31/12/2010,Island-wide,
Jacqueline Ann Hilton,Assistant Housing Minister,01/01/2008,12/12/2008,Island-wide,
Jacqueline Ann Hilton,Assistant Housing Minister,01/01/2007,31/12/2007,Island-wide,
Jacqueline Ann Hilton,Assistant Housing Minister,01/01/2006,31/12/2006,Island-wide,
Jacqueline Ann Hilton,Assistant Housing Minister,09/12/2005,31/12/2005,Island-wide,
Sean Power,Assistant Housing Minister,01/01/2010,02/06/2010,Island-wide,
Sean Power,Assistant Housing Minister,01/01/2009,13/12/2009,Island-wide,
Sean Power,Assistant Housing Minister,16/12/2008,31/12/2008,Island-wide,
John Martin Refault ,Assistant Housing Minister,01/01/2013,31/12/2013,Island-wide,
John Martin Refault ,Assistant Housing Minister,01/01/2012,31/12/2012,Island-wide,
John Martin Refault ,Assistant Housing Minister,15/02/2011,31/12/2011,Island-wide,
Jacqueline Jeannette Huet,Assistant Infrastructure Minister,01/01/2008,11/12/2008,Island-wide,
Jacqueline Jeannette Huet,Assistant Infrastructure Minister,01/01/2007,31/12/2007,Island-wide,
Jacqueline Jeannette Huet,Assistant Infrastructure Minister,01/01/2006,31/12/2006,Island-wide,
Jacqueline Jeannette Huet,Assistant Infrastructure Minister,09/12/2005,31/12/2005,Island-wide,
John Alexander Nicholas Le Fondré,Assistant Infrastructure Minister,01/01/2014,15/10/2014,Island-wide,
John Alexander Nicholas Le Fondré,Assistant Infrastructure Minister,01/01/2013,31/12/2013,Island-wide,
John Alexander Nicholas Le Fondré,Assistant Infrastructure Minister,01/01/2012,31/12/2012,Island-wide,
John Alexander Nicholas Le Fondré,Assistant Infrastructure Minister,17/11/2011,31/12/2011,Island-wide,
Kevin Charles Lewis,Assistant Infrastructure Minister,01/01/2011,17/11/2011,Island-wide,
Kevin Charles Lewis,Assistant Infrastructure Minister,01/01/2010,31/12/2010,Island-wide,
Kevin Charles Lewis,Assistant Infrastructure Minister,01/01/2009,31/12/2009,Island-wide,
Kevin Charles Lewis,Assistant Infrastructure Minister,16/12/2008,31/12/2008,Island-wide,
Richard John Renouf,Assistant Infrastructure Minister,01/01/2016,31/12/2016,Island-wide,
Richard John Renouf,Assistant Infrastructure Minister,01/01/2015,31/12/2015,Island-wide,
Richard John Renouf,Assistant Infrastructure Minister,13/11/2014,31/12/2014,Island-wide,
Angela Elizabeth Jeune,Assistant Social Security Minister,01/01/2011,17/11/2011,Island-wide,
Angela Elizabeth Jeune,Assistant Social Security Minister,01/01/2010,31/12/2010,Island-wide,
Angela Elizabeth Jeune,Assistant Social Security Minister,01/01/2009,31/12/2009,Island-wide,
Angela Elizabeth Jeune,Assistant Social Security Minister,16/12/2008,31/12/2008,Island-wide,
Susan Jane Pinel,Assistant Social Security Minister,17/11/2011,31/12/2011,Island-wide,
Susan Jane Pinel,Assistant Social Security Minister,01/01/2014,13/11/2014,Island-wide,
Susan Jane Pinel ,Assistant Social Security Minister,01/01/2013,31/12/2013,Island-wide,
Susan Jane Pinel ,Assistant Social Security Minister,01/01/2012,31/12/2012,Island-wide,
Peter Nicholas Troy,Assistant Social Security Minister,01/01/2008,11/12/2008,Island-wide,
Peter Nicholas Troy,Assistant Social Security Minister,01/01/2007,31/12/2007,Island-wide,
Peter Nicholas Troy,Assistant Social Security Minister,01/01/2006,31/12/2006,Island-wide,
Peter Nicholas Troy,Assistant Social Security Minister,09/12/2005,31/12/2005,Island-wide,
Graham John Truscott,Assistant Social Security Minister,01/01/2016,31/12/2016,Island-wide,
Graham John Truscott,Assistant Social Security Minister,01/01/2015,31/12/2015,Island-wide,
Graham John Truscott,Assistant Social Security Minister,13/11/2014,31/12/2014,Island-wide,
John Alexander Nicholas Le Fondré,Assistant Treasury & Resources Minister ,01/01/2011,14/01/2011,Island-wide,
John Alexander Nicholas Le Fondré,Assistant Treasury & Resources Minister ,01/01/2010,31/12/2010,Island-wide,
John Alexander Nicholas Le Fondré,Assistant Treasury & Resources Minister ,01/01/2009,31/12/2009,Island-wide,
John Alexander Nicholas Le Fondré,Assistant Treasury & Resources Minister ,01/01/2008,31/12/2008,Island-wide,
John Alexander Nicholas Le Fondré,Assistant Treasury & Resources Minister ,01/01/2007,31/12/2007,Island-wide,
John Alexander Nicholas Le Fondré,Assistant Treasury & Resources Minister ,01/01/2006,31/12/2006,Island-wide,
John Alexander Nicholas Le Fondré,Assistant Treasury & Resources Minister ,09/12/2005,31/12/2005,Island-wide,
Edward James Noel,Assistant Treasury & Resources Minister ,01/01/2016,15/01/2016,Island-wide,
Edward James Noel,Assistant Treasury & Resources Minister ,01/01/2015,31/12/2015,Island-wide,
Edward James Noel,Assistant Treasury & Resources Minister ,01/12/2014,31/12/2014,Island-wide,
Edward James Noel,Assistant Treasury & Resources Minister ,01/01/2013,31/12/2013,Island-wide,
Edward James Noel,Assistant Treasury & Resources Minister ,01/01/2012,31/12/2012,Island-wide,
Edward James Noel,Assistant Treasury & Resources Minister ,01/01/2011,17/11/2011,Island-wide,
Edward James Noel,Assistant Treasury & Resources Minister ,01/01/2010,31/12/2010,Island-wide,
Edward James Noel,Assistant Treasury & Resources Minister ,01/01/2009,31/12/2009,Island-wide,
Edward James Noel,Assistant Treasury & Resources Minister ,16/12/2008,31/12/2008,Island-wide,
John Martin Refault,Assistant Treasury & Resources Minister ,14/01/2011,17/11/2011,Island-wide,
John Martin Refault ,Assistant Treasury & Resources Minister ,01/01/2016,31/12/2016,Island-wide,
John Martin Refault ,Assistant Treasury & Resources Minister ,01/12/2015,31/12/2015,Island-wide,
Tracey Anne Vallois,Assistant Treasury & Resources Minister ,01/01/2015,03/11/2015,Island-wide,
Tracey Anne Vallois,Assistant Treasury & Resources Minister ,13/11/2014,31/12/2014,Island-wide,
William James Bailhache,Bailiff,29/01/2015,31/12/2015,Island-wide,
William James Bailhache,Bailiff,01/01/2016,31/12/2016,Island-wide,
Sir Michael Birt,Bailiff,01/01/2015,31/12/2015,Island-wide,
Sir Michael Birt,Bailiff,01/01/2014,31/12/2014,Island-wide,
Sir Michael Birt,Bailiff,01/01/2013,31/12/2013,Island-wide,
Sir Michael Birt,Bailiff,01/01/2012,31/12/2012,Island-wide,
Sir Michael Birt,Bailiff,01/01/2011,31/12/2011,Island-wide,
Sir Michael Birt,Bailiff,01/01/2010,31/12/2010,Island-wide,
Sir Michael Birt,Bailiff,09/07/2009,31/12/2009,Island-wide,
Sir Philip Martin Bailhache,Bailiff,01/01/2009,09/07/2009,Island-wide,
Sir Philip Martin Bailhache,Bailiff,01/01/2008,31/12/2008,Island-wide,
Sir Philip Martin Bailhache,Bailiff,01/01/2007,31/12/2007,Island-wide,
Sir Philip Martin Bailhache,Bailiff,01/01/2006,31/12/2006,Island-wide,
Sir Philip Martin Bailhache,Bailiff,08/12/2005,31/12/2005,Island-wide,
Ian Joseph Gorst,Chief Minister,01/01/2016,31/12/2016,Island-wide,
Ian Joseph Gorst,Chief Minister,01/01/2015,31/12/2015,Island-wide,
Ian Joseph Gorst,Chief Minister,01/01/2014,31/12/2014,Island-wide,
Ian Joseph Gorst,Chief Minister,01/01/2013,31/12/2013,Island-wide,
Ian Joseph Gorst,Chief Minister,01/01/2012,31/12/2012,Island-wide,
Ian Joseph Gorst,Chief Minister,14/11/2011,31/12/2011,Island-wide,
Terence Augustine Le Sueur,Chief Minister,01/01/2011,14/11/2011,Island-wide,
Terence Augustine Le Sueur,Chief Minister,01/01/2010,31/12/2010,Island-wide,
Terence Augustine Le Sueur,Chief Minister,01/01/2009,31/12/2009,Island-wide,
Terence Augustine Le Sueur,Chief Minister,08/12/2008,31/12/2008,Island-wide,
Frank Harrison Walker,Chief Minister,01/01/2008,08/12/2008,Island-wide,
Frank Harrison Walker,Chief Minister,01/01/2007,31/12/2007,Island-wide,
Frank Harrison Walker,Chief Minister,01/01/2006,31/12/2006,Island-wide,
Frank Harrison Walker,Chief Minister,08/12/2005,31/12/2005,Island-wide,
Alan Simon Crowcroft,Connétable,01/01/2016,31/12/2016,St Helier,
Alan Simon Crowcroft,Connétable,01/01/2015,31/12/2015,St Helier,
Alan Simon Crowcroft,Connétable,01/01/2014,31/12/2014,St Helier,
Alan Simon Crowcroft,Connétable,01/01/2013,31/12/2013,St Helier,
Alan Simon Crowcroft,Connétable,01/01/2012,31/12/2012,St Helier,
Alan Simon Crowcroft,Connétable,01/01/2011,31/12/2011,St Helier,
Alan Simon Crowcroft,Connétable,01/01/2010,31/12/2010,St Helier,
Alan Simon Crowcroft,Connétable,01/01/2009,31/12/2009,St Helier,
Alan Simon Crowcroft,Connétable,01/01/2008,31/12/2008,St Helier,
Alan Simon Crowcroft,Connétable,01/01/2007,31/12/2007,St Helier,
Alan Simon Crowcroft,Connétable,01/01/2006,31/12/2006,St Helier,
Alan Simon Crowcroft,Connétable,01/01/2005,31/12/2005,St Helier,
Graeme Frank Butcher,Connétable,01/01/2011,14/11/2011,St John,
Graeme Frank Butcher,Connétable,01/01/2010,31/12/2010,St John,
Graeme Frank Butcher,Connétable,01/01/2009,31/12/2009,St John,
Graeme Frank Butcher,Connétable,01/01/2009,31/12/2009,St John,
Graeme Frank Butcher,Connétable,01/01/2007,31/12/2007,St John,
Graeme Frank Butcher,Connétable,01/01/2007,31/12/2007,St John,
Graeme Frank Butcher ,Connétable,08/12/2006,31/12/2006,St John,
Graeme Frank Butcher ,Connétable,08/12/2006,31/12/2006,St John,
Christopher Hugh Taylor,Connétable,01/01/2016,31/12/2016,St John,
Christopher Hugh Taylor,Connétable,01/01/2015,31/12/2015,St John,
Christopher Hugh Taylor ,Connétable,03/11/2014,31/12/2014,St John,
Maxwell Robert De la Haye,Connétable,01/01/2005,01/11/2005,St Brelade,
Deidre Wendy Mezbourian,Connétable,01/01/2016,31/12/2016,St Lawrence,
Deidre Wendy Mezbourian,Connétable,01/01/2015,31/12/2015,St Lawrence,
Deidre Wendy Mezbourian,Connétable,01/01/2014,31/12/2014,St Lawrence,
Deidre Wendy Mezbourian,Connétable,01/01/2013,31/12/2013,St Lawrence,
Deidre Wendy Mezbourian,Connétable,01/01/2012,31/12/2012,St Lawrence,
Deidre Wendy Mezbourian,Connétable,01/01/2011,31/12/2011,St Lawrence,
Deidre Wendy Mezbourian,Connétable,01/01/2010,31/12/2010,St Lawrence,
Deidre Wendy Mezbourian,Connétable,01/01/2009,31/12/2009,St Lawrence,
Deidre Wendy Mezbourian,Connétable,01/01/2009,31/12/2009,St Lawrence,
Deidre Wendy Mezbourian,Connétable,08/12/2008,31/12/2008,St Lawrence,
Thomas John du Feu,Connétable,01/01/2008,08/12/2008,St Peter,
Thomas John du Feu,Connétable,01/01/2007,31/12/2007,St Peter,
Thomas John du Feu,Connétable,01/01/2006,31/12/2006,St Peter,
Thomas John du Feu,Connétable,01/01/2005,31/12/2005,St Peter,
Richard Edward Norwood Dupré,Connétable,01/01/2006,08/12/2006,St John,
Richard Edward Norwood Dupré,Connétable,01/01/2005,31/12/2005,St John,
Geoffrey William Fisher,Connétable,01/01/2008,08/12/2008,St Lawrence,
Geoffrey William Fisher,Connétable,01/01/2007,31/12/2007,St Lawrence,
Geoffrey William Fisher,Connétable,01/01/2006,31/12/2006,St Lawrence,
Geoffrey William Fisher,Connétable,01/01/2005,31/12/2005,St Lawrence,
John Baudains Germain,Connétable,01/01/2006,28/06/2006,St Martin,
John Baudains Germain,Connétable,01/01/2005,31/12/2005,St Martin,
Derek Frederick Gray,Connétable,01/01/2008,08/12/2008,St Clement,
Derek Frederick Gray,Connétable,01/01/2007,31/12/2007,St Clement,
Derek Frederick Gray,Connétable,01/01/2006,31/12/2006,St Clement,
Derek Frederick Gray,Connétable,01/01/2005,31/12/2005,St Clement,
Peter Frederick Maurice Hanning,Connétable,01/01/2011,14/11/2011,St Saviour,
Peter Frederick Maurice Hanning,Connétable,01/01/2010,31/12/2010,St Saviour,
Peter Frederick Maurice Hanning,Connétable,01/01/2009,31/12/2009,St Saviour,
Peter Frederick Maurice Hanning,Connétable,01/01/2008,31/12/2008,St Saviour,
Peter Frederick Maurice Hanning,Connétable,24/08/2007,31/12/2007,St Saviour,
Michael Keith Jackson,Connétable,01/01/2011,14/11/2011,St Brelade,
Michael Keith Jackson,Connétable,01/01/2010,31/12/2010,St Brelade,
Michael Keith Jackson,Connétable,01/01/2009,31/12/2009,St Brelade,
Michael Keith Jackson,Connétable,01/01/2008,31/12/2008,St Brelade,
Michael Keith Jackson,Connétable,01/01/2007,31/12/2007,St Brelade,
Michael Keith Jackson,Connétable,01/01/2006,31/12/2006,St Brelade,
Michael Keith Jackson ,Connétable,11/11/2005,31/12/2005,St Brelade,
John Edward Le Maistre,Connétable,01/01/2016,31/12/2016,Grouville,
John Edward Le Maistre,Connétable,01/01/2015,31/12/2015,Grouville,
John Edward Le Maistre,Connétable,01/01/2014,31/12/2014,Grouville,
John Edward Le Maistre,Connétable,04/10/2013,31/12/2013,Grouville,
John Martin Refault ,Connétable,01/01/2016,31/12/2016,St Peter,
John Martin Refault ,Connétable,01/01/2015,31/12/2015,St Peter,
John Martin Refault ,Connétable,01/01/2014,31/12/2014,St Peter,
John Martin Refault ,Connétable,01/01/2013,31/12/2013,St Peter,
John Martin Refault ,Connétable,01/01/2012,31/12/2012,St Peter,
John Martin Refault ,Connétable,01/01/2011,31/12/2011,St Peter,
John Martin Refault ,Connétable,01/01/2010,31/12/2010,St Peter,
John Martin Refault ,Connétable,01/01/2009,31/12/2009,St Peter,
John Martin Refault ,Connétable,08/12/2008,31/12/2008,St Peter,
Juliette Gallichan,Connétable,01/01/2016,31/12/2016,St Mary,
Juliette Gallichan,Connétable,01/01/2015,31/12/2015,St Mary,
Juliette Gallichan,Connétable,01/01/2014,31/12/2014,St Mary,
Juliette Gallichan,Connétable,01/01/2013,31/12/2013,St Mary,
Juliette Gallichan,Connétable,01/01/2012,31/12/2012,St Mary,
Juliette Gallichan,Connétable,01/01/2011,31/12/2011,St Mary,
Juliette Gallichan,Connétable,01/01/2010,31/12/2010,St Mary,
Juliette Gallichan,Connétable,01/01/2009,31/12/2009,St Mary,
Juliette Gallichan,Connétable,08/12/2008,31/12/2008,St Mary,
John Le Sueur Gallichan,Connétable,01/01/2014,03/11/2014,Trinity,
John Le Sueur Gallichan,Connétable,01/01/2013,31/12/2013,Trinity,
John Le Sueur Gallichan,Connétable,01/01/2012,31/12/2012,Trinity,
John Le Sueur Gallichan,Connétable,01/01/2011,31/12/2011,Trinity,
John Le Sueur Gallichan,Connétable,01/01/2010,31/12/2010,Trinity,
John Le Sueur Gallichan,Connétable,01/01/2009,31/12/2009,Trinity,
John Le Sueur Gallichan,Connétable,01/01/2008,31/12/2008,Trinity,
John Le Sueur Gallichan,Connétable,01/01/2007,31/12/2007,Trinity,
John Le Sueur Gallichan,Connétable,01/01/2006,31/12/2006,Trinity,
John Le Sueur Gallichan,Connétable,01/01/2005,31/12/2005,Trinity,
Kenneth Alan Le Brun,Connétable,01/01/2008,08/12/2008,St Mary,
Kenneth Alan Le Brun,Connétable,01/01/2007,31/12/2007,St Mary,
Kenneth Alan Le Brun,Connétable,01/01/2006,31/12/2006,St Mary,
Kenneth Alan Le Brun,Connétable,01/01/2005,31/12/2005,St Mary,
Leonard Norman,Connétable,01/01/2016,31/12/2016,St Clement,
Leonard Norman,Connétable,01/01/2015,31/12/2015,St Clement,
Leonard Norman,Connétable,01/01/2014,31/12/2014,St Clement,
Leonard Norman,Connétable,01/01/2013,31/12/2013,St Clement,
Leonard Norman,Connétable,01/01/2012,31/12/2012,St Clement,
Leonard Norman,Connétable,01/01/2011,31/12/2011,St Clement,
Leonard Norman,Connétable,01/01/2010,31/12/2010,St Clement,
Leonard Norman,Connétable,01/01/2009,31/12/2009,St Clement,
Leonard Norman,Connétable,08/12/2008,31/12/2008,St Clement,
Michael John Paddock,Connétable,01/01/2016,31/12/2016,St Ouen,
Michael John Paddock,Connétable,01/01/2015,31/12/2015,St Ouen,
Michael John Paddock,Connétable,01/01/2014,31/12/2014,St Ouen,
Michael John Paddock,Connétable,01/01/2013,31/12/2013,St Ouen,
Michael John Paddock,Connétable,01/01/2012,31/12/2012,St Ouen,
Michael John Paddock,Connétable,14/11/2011,31/12/2011,St Ouen,
Michel Philip Sydney Le Troquer,Connétable,01/01/2016,31/12/2016,St Martin,
Michel Philip Sydney Le Troquer,Connétable,01/01/2015,31/12/2015,St Martin,
Michel Philip Sydney Le Troquer,Connétable,01/01/2014,31/12/2014,St Martin,
Michel Philip Sydney Le Troquer,Connétable,01/01/2013,31/12/2013,St Martin,
Michel Philip Sydney Le Troquer,Connétable,01/01/2012,31/12/2012,St Martin,
Michel Philip Sydney Le Troquer,Connétable,14/11/2011,31/12/2011,St Martin,
Daniel Joseph Murphy,Connétable,01/01/2013,25/07/2013,Grouville,
Daniel Joseph Murphy,Connétable,01/01/2012,31/12/2012,Grouville,
Daniel Joseph Murphy,Connétable,01/01/2011,31/12/2011,Grouville,
Daniel Joseph Murphy,Connétable,01/01/2010,31/12/2010,Grouville,
Daniel Joseph Murphy,Connétable,01/01/2009,31/12/2009,Grouville,
Daniel Joseph Murphy,Connétable,01/01/2008,31/12/2008,Grouville,
Daniel Joseph Murphy,Connétable,01/01/2007,31/12/2007,Grouville,
Daniel Joseph Murphy,Connétable,01/01/2006,31/12/2006,Grouville,
Daniel Joseph Murphy,Connétable,01/01/2005,31/12/2005,Grouville,
Philip Francis Ozouf,Connétable,01/01/2007,24/08/2007,St Saviour,
Philip Francis Ozouf,Connétable,01/01/2006,31/12/2006,St Saviour,
Philip Francis Ozouf,Connétable,01/01/2005,31/12/2005,St Saviour,
Philip Bond Le Sueur,Connétable,01/01/2016,31/12/2016,Trinity,
Philip Bond Le Sueur,Connétable,01/01/2015,31/12/2015,Trinity,
Philip Bond Le Sueur,Connétable,03/11/2014,31/12/2014,Trinity,
Philip John Rondel,Connétable,01/01/2014,24/09/2014,St John,
Philip John Rondel,Connétable,01/01/2013,31/12/2013,St John,
Philip John Rondel,Connétable,01/01/2012,31/12/2012,St John,
Philip John Rondel,Connétable,14/11/2011,31/12/2011,St John,
Sadie Anthea Le Sueur-Rennard,Connétable,01/01/2016,31/12/2016,St Saviour,
Sadie Anthea Le Sueur-Rennard,Connétable,01/01/2015,31/12/2015,St Saviour,
Sadie Anthea Le Sueur-Rennard,Connétable,01/01/2014,31/12/2014,St Saviour,
Sadie Anthea Le Sueur-Rennard,Connétable,01/01/2013,31/12/2013,St Saviour,
Sadie Anthea Le Sueur-Rennard,Connétable,01/01/2012,31/12/2012,St Saviour,
Sadie Anthea Le Sueur-Rennard,Connétable,14/11/2011,31/12/2011,St Saviour,
Stephen William Pallett,Connétable,01/01/2016,31/12/2016,St Brelade,
Stephen William Pallett,Connétable,01/01/2015,31/12/2015,St Brelade,
Stephen William Pallett,Connétable,01/01/2014,31/12/2014,St Brelade,
Stephen William Pallett,Connétable,01/01/2013,31/12/2013,St Brelade,
Stephen William Pallett,Connétable,01/01/2012,31/12/2012,St Brelade,
Stephen William Pallett,Connétable,14/11/2011,31/12/2011,St Brelade,
Kenneth Priaulx Vibert,Connétable,01/01/2011,14/11/2011,St Ouen,
Kenneth Priaulx Vibert,Connétable,01/01/2010,31/12/2010,St Ouen,
Kenneth Priaulx Vibert,Connétable,01/01/2009,31/12/2009,St Ouen,
Kenneth Priaulx Vibert,Connétable,01/01/2008,31/12/2008,St Ouen,
Kenneth Priaulx Vibert,Connétable,01/01/2007,31/12/2007,St Ouen,
Kenneth Priaulx Vibert,Connétable,01/01/2006,31/12/2006,St Ouen,
Kenneth Priaulx Vibert,Connétable,01/01/2005,31/12/2005,St Ouen,
Silvanus Arthur Yates,Connétable,01/01/2011,14/11/2011,St Martin,
Silvanus Arthur Yates,Connétable,01/01/2010,31/12/2010,St Martin,
Silvanus Arthur Yates,Connétable,01/01/2009,31/12/2009,St Martin,
Silvanus Arthur Yates,Connétable,01/01/2008,31/12/2008,St Martin,
Silvanus Arthur Yates,Connétable,01/01/2007,31/12/2007,St Martin,
Silvanus Arthur Yates,Connétable,30/06/2006,31/12/2006,St Martin,
"The Very Reverend Robert Frederick Key, B.A.",Dean,01/01/2016,31/12/2016,Island-wide,
"The Very Reverend Robert Frederick Key, B.A.",Dean,01/01/2015,31/12/2015,Island-wide,
"The Very Reverend Robert Frederick Key, B.A.",Dean,01/01/2014,31/12/2014,Island-wide,
"The Very Reverend Robert Frederick Key, B.A.",Dean,01/01/2013,31/12/2013,Island-wide,
"The Very Reverend Robert Frederick Key, B.A.",Dean,01/01/2012,31/12/2012,Island-wide,
"The Very Reverend Robert Frederick Key, B.A.",Dean,01/01/2011,31/12/2011,Island-wide,
"The Very Reverend Robert Frederick Key, B.A.",Dean,01/01/2010,31/12/2010,Island-wide,
"The Very Reverend Robert Frederick Key, B.A.",Dean,01/01/2009,31/12/2009,Island-wide,
"The Very Reverend Robert Frederick Key, B.A.",Dean,01/01/2008,31/12/2008,Island-wide,
"The Very Reverend Robert Frederick Key, B.A.",Dean,01/01/2007,31/12/2007,Island-wide,
The Very Reverend John Seaford,Dean,01/01/2006,31/12/2006,Island-wide,
The Very Reverend John Seaford,Dean,01/01/2005,31/12/2005,Island-wide,
James Patrick Gorton Baker,Deputy,01/01/2014,03/11/2014,St Helier,St Helier 1
James Patrick Gorton Baker,Deputy,01/01/2013,31/12/2013,St Helier,St Helier 1
James Patrick Gorton Baker,Deputy,01/01/2012,31/12/2012,St Helier,St Helier 1
James Patrick Gorton Baker,Deputy,14/11/2011,31/12/2011,St Helier,St Helier 1
Gerard Clifford Lemmens Baudains,Deputy,01/01/2014,03/11/2014,St Clement,
Gerard Clifford Lemmens Baudains,Deputy,01/01/2013,31/12/2013,St Clement,
Gerard Clifford Lemmens Baudains,Deputy,01/01/2012,31/12/2012,St Clement,
Gerard Clifford Lemmens Baudains,Deputy,14/11/2011,31/12/2011,St Clement,
Gerard Clifford Lemmens Baudains,Deputy,01/01/2008,08/12/2008,St Clement,
Gerard Clifford Lemmens Baudains,Deputy,01/01/2007,31/12/2007,St Clement,
Gerard Clifford Lemmens Baudains,Deputy,01/01/2006,31/12/2006,St Clement,
Gerard Clifford Lemmens Baudains,Deputy,01/01/2005,31/12/2005,St Clement,
Julian Alexander Bernstein,Deputy,01/01/2005,05/12/2005,St Brelade,St Brelade 2
Alan Breckon,Deputy,01/01/2008,08/12/2008,St Saviour,St Saviour 2
Alan Breckon,Deputy,01/01/2007,31/12/2007,St Saviour,St Saviour 2
Alan Breckon,Deputy,01/01/2006,31/12/2006,St Saviour,St Saviour 2
Alan Breckon,Deputy,01/01/2005,31/12/2005,St Saviour,St Saviour 2
Simon Muir Bree,Deputy,01/01/2016,31/12/2016,St Clement,
Simon Muir Bree,Deputy,01/01/2015,31/12/2015,St Clement,
Simon Muir Bree,Deputy,03/11/2014,31/12/2014,St Clement,
Jennifer-Anne Bridge,Deputy,01/01/2005,05/12/2005,St Helier,St Helier 2
Roderick Gordon Bryans,Deputy,01/01/2016,31/12/2016,St Helier,St Helier 2
Roderick Gordon Bryans,Deputy,01/01/2015,31/12/2015,St Helier,St Helier 2
Roderick Gordon Bryans,Deputy,01/01/2014,31/12/2014,St Helier,St Helier 2
Roderick Gordon Bryans,Deputy,01/01/2013,31/12/2013,St Helier,St Helier 2
Roderick Gordon Bryans,Deputy,01/01/2012,31/12/2012,St Helier,St Helier 2
Roderick Gordon Bryans,Deputy,14/11/2011,31/12/2011,St Helier,St Helier 2
David Leon Crespel,Deputy,01/01/2005,05/12/2005,Trinity,
Guy William John de Faye,Deputy,01/01/2008,08/12/2008,St Helier,St Helier 3 and 4
Guy William John de Faye,Deputy,01/01/2007,31/12/2007,St Helier,St Helier 3 and 4
Guy William John de Faye,Deputy,01/01/2006,31/12/2006,St Helier,St Helier 3 and 4
Guy William John de Faye,Deputy,01/01/2005,31/12/2005,St Helier,St Helier 3 and 4
Deborah Jane De Sousa,Deputy,01/01/2011,14/11/2011,St Helier,St Helier 2
Deborah Jane De Sousa,Deputy,01/01/2010,31/12/2010,St Helier,St Helier 2
Deborah Jane De Sousa,Deputy,01/01/2009,31/12/2009,St Helier,St Helier 2
Deborah Jane De Sousa,Deputy,08/12/2008,31/12/2008,St Helier,St Helier 2
Deidre Wendy Mezbourian,Deputy,01/01/2008,31/12/2008,St Lawrence,
Deidre Wendy Mezbourian,Deputy,01/01/2007,31/12/2007,St Lawrence,
Deidre Wendy Mezbourian,Deputy,01/01/2006,31/12/2006,St Lawrence,
Deidre Wendy Mezbourian,Deputy,05/12/2005,31/12/2005,St Lawrence,
Jeremy Laurence Dorey,Deputy,01/01/2005,31/12/2005,St Helier,St Helier 1
Louise Mary Catherine Doublet,Deputy,01/01/2016,31/12/2016,St Saviour,St Saviour 2
Louise Mary Catherine Doublet,Deputy,01/01/2015,31/12/2015,St Saviour,St Saviour 2
Louise Mary Catherine Doublet,Deputy,03/11/2014,31/12/2014,St Saviour,St Saviour 2
Robert Charles Duhamel,Deputy,01/01/2014,03/11/2014,St Saviour,St Saviour 1
Robert Charles Duhamel,Deputy,01/01/2013,31/12/2013,St Saviour,St Saviour 1
Robert Charles Duhamel,Deputy,01/01/2012,31/12/2012,St Saviour,St Saviour 1
Robert Charles Duhamel,Deputy,01/01/2011,31/12/2011,St Saviour,St Saviour 1
Robert Charles Duhamel,Deputy,01/01/2010,31/12/2010,St Saviour,St Saviour 1
Robert Charles Duhamel,Deputy,01/01/2009,31/12/2009,St Saviour,St Saviour 1
Robert Charles Duhamel,Deputy,01/01/2008,31/12/2008,St Saviour,St Saviour 1
Robert Charles Duhamel,Deputy,01/01/2007,31/12/2007,St Saviour,St Saviour 1
Robert Charles Duhamel,Deputy,01/01/2006,31/12/2006,St Saviour,St Saviour 1
Robert Charles Duhamel,Deputy,01/01/2005,31/12/2005,St Saviour,St Saviour 1
Anne Teresa Dupre,Deputy,01/01/2011,14/11/2011,St Clement,
Anne Teresa Dupre,Deputy,01/01/2010,31/12/2010,St Clement,
Anne Teresa Dupre,Deputy,01/01/2009,31/12/2009,St Clement,
Anne Teresa Dupre,Deputy,08/12/2008,31/12/2008,St Clement,
Collin Hedley Egré,Deputy,01/01/2011,14/11/2011,St Peter,
Collin Hedley Egré,Deputy,01/01/2010,31/12/2010,St Peter,
Collin Hedley Egré,Deputy,01/01/2009,31/12/2009,St Peter,
Collin Hedley Egré,Deputy,01/01/2008,31/12/2008,St Peter,
Collin Hedley Egré,Deputy,01/01/2007,31/12/2007,St Peter,
Collin Hedley Egré,Deputy,01/01/2006,31/12/2006,St Peter,
Collin Hedley Egré,Deputy,01/01/2005,31/12/2005,St Peter,
Lyndon John Farnham,Deputy,01/01/2005,05/12/2005,St Saviour,St Saviour 2
Sarah Craig Ferguson,Deputy,01/01/2008,08/12/2008,St Brelade,St Brelade 1
Sarah Craig Ferguson,Deputy,01/01/2007,31/12/2007,St Brelade,St Brelade 1
Sarah Craig Ferguson,Deputy,01/01/2006,31/12/2006,St Brelade,St Brelade 1
Sarah Craig Ferguson,Deputy,01/01/2005,31/12/2005,St Brelade,St Brelade 1
John Benjamin Fox,Deputy,01/01/2011,14/11/2011,St Helier,St Helier 3 and 4
John Benjamin Fox,Deputy,01/01/2010,31/12/2010,St Helier,St Helier 3 and 4
John Benjamin Fox,Deputy,01/01/2009,31/12/2009,St Helier,St Helier 3 and 4
John Benjamin Fox,Deputy,01/01/2008,31/12/2008,St Helier,St Helier 3 and 4
John Benjamin Fox,Deputy,01/01/2007,31/12/2007,St Helier,St Helier 3 and 4
John Benjamin Fox,Deputy,01/01/2006,31/12/2006,St Helier,St Helier 3 and 4
John Benjamin Fox,Deputy,01/01/2005,31/12/2005,St Helier,St Helier 3 and 4
Ian Joseph Gorst,Deputy,01/01/2011,14/11/2011,St Clement,
Ian Joseph Gorst,Deputy,01/01/2010,31/12/2010,St Clement,
Ian Joseph Gorst,Deputy,01/01/2009,31/12/2009,St Clement,
Ian Joseph Gorst,Deputy,01/01/2008,31/12/2008,St Clement,
Ian Joseph Gorst,Deputy,01/01/2007,31/12/2007,St Clement,
Ian Joseph Gorst,Deputy,01/01/2006,31/12/2006,St Clement,
Ian Joseph Gorst,Deputy,05/12/2005,31/12/2005,St Clement,
"Andrew Kenneth Francis Green, M.B.E.",Deputy,01/01/2014,03/11/2014,St Helier,St Helier 3 and 4
"Andrew Kenneth Francis Green, M.B.E.",Deputy,01/01/2013,31/12/2013,St Helier,St Helier 3 and 4
"Andrew Kenneth Francis Green, M.B.E.",Deputy,01/01/2012,31/12/2012,St Helier,St Helier 3 and 4
"Andrew Kenneth Francis Green, M.B.E.",Deputy,01/01/2011,31/12/2011,St Helier,St Helier 3 and 4
"Andrew Kenneth Francis Green, M.B.E.",Deputy,01/01/2010,31/12/2010,St Helier,St Helier 3 and 4
"Andrew Kenneth Francis Green, M.B.E.",Deputy,01/01/2009,31/12/2009,St Helier,St Helier 3 and 4
"Andrew Kenneth Francis Green, M.B.E.",Deputy,08/12/2008,31/12/2008,St Helier,St Helier 3 and 4
Geoffrey John Grime,Deputy,01/01/2005,05/12/2005,St Mary,
Michael Roderick Higgins,Deputy,01/01/2016,31/12/2016,St Helier,St Helier 3 and 4
Michael Roderick Higgins,Deputy,01/01/2015,31/12/2015,St Helier,St Helier 3 and 4
Michael Roderick Higgins,Deputy,01/01/2014,31/12/2014,St Helier,St Helier 3 and 4
Michael Roderick Higgins,Deputy,01/01/2013,31/12/2013,St Helier,St Helier 3 and 4
Michael Roderick Higgins,Deputy,01/01/2012,31/12/2012,St Helier,St Helier 3 and 4
Michael Roderick Higgins,Deputy,01/01/2011,31/12/2011,St Helier,St Helier 3 and 4
Michael Roderick Higgins,Deputy,01/01/2010,31/12/2010,St Helier,St Helier 3 and 4
Michael Roderick Higgins,Deputy,01/01/2009,31/12/2009,St Helier,St Helier 3 and 4
Michael Roderick Higgins,Deputy,08/12/2008,31/12/2008,St Helier,St Helier 3 and 4
"Frederick John Hill, B.E.M.",Deputy,01/01/2011,14/11/2011,St Martin,
"Frederick John Hill, B.E.M.",Deputy,01/01/2010,31/12/2010,St Martin,
"Frederick John Hill, B.E.M.",Deputy,01/01/2009,31/12/2009,St Martin,
"Frederick John Hill, B.E.M.",Deputy,01/01/2008,31/12/2008,St Martin,
"Frederick John Hill, B.E.M.",Deputy,01/01/2007,31/12/2007,St Martin,
"Frederick John Hill, B.E.M.",Deputy,01/01/2006,31/12/2006,St Martin,
"Frederick John Hill, B.E.M.",Deputy,01/01/2005,31/12/2005,St Martin,
Jacqueline Ann Hilton,Deputy,01/01/2016,31/12/2016,St Helier,St Helier 3 and 4
Jacqueline Ann Hilton,Deputy,01/01/2015,31/12/2015,St Helier,St Helier 3 and 4
Jacqueline Ann Hilton,Deputy,01/01/2014,31/12/2014,St Helier,St Helier 3 and 4
Jacqueline Ann Hilton,Deputy,01/01/2013,31/12/2013,St Helier,St Helier 3 and 4
Jacqueline Ann Hilton,Deputy,01/01/2012,31/12/2012,St Helier,St Helier 3 and 4
Jacqueline Ann Hilton,Deputy,01/01/2011,31/12/2011,St Helier,St Helier 3 and 4
Jacqueline Ann Hilton,Deputy,01/01/2010,31/12/2010,St Helier,St Helier 3 and 4
Jacqueline Ann Hilton,Deputy,01/01/2009,31/12/2009,St Helier,St Helier 3 and 4
Jacqueline Ann Hilton,Deputy,01/01/2008,31/12/2008,St Helier,St Helier 3 and 4
Jacqueline Ann Hilton,Deputy,01/01/2007,31/12/2007,St Helier,St Helier 3 and 4
Jacqueline Ann Hilton,Deputy,01/01/2006,31/12/2006,St Helier,St Helier 3 and 4
Jacqueline Ann Hilton,Deputy,01/01/2005,31/12/2005,St Helier,St Helier 3 and 4
Jacqueline Jeannette Huet,Deputy,01/01/2008,08/12/2008,St Helier,St Helier 3 and 4
Jacqueline Jeannette Huet,Deputy,01/01/2007,31/12/2007,St Helier,St Helier 3 and 4
Jacqueline Jeannette Huet,Deputy,01/01/2006,31/12/2006,St Helier,St Helier 3 and 4
Jacqueline Jeannette Huet,Deputy,01/01/2005,31/12/2005,St Helier,St Helier 3 and 4
Angela Elizabeth Jeune,Deputy,01/01/2011,14/11/2011,St Brelade,St Brelade 1
Angela Elizabeth Jeune,Deputy,01/01/2010,31/12/2010,St Brelade,St Brelade 1
Angela Elizabeth Jeune,Deputy,01/01/2009,31/12/2009,St Brelade,St Brelade 1
Angela Elizabeth Jeune,Deputy,08/12/2008,31/12/2008,St Brelade,St Brelade 1
Robert David Johnson,Deputy,01/01/2016,31/12/2016,St Mary,
Robert David Johnson,Deputy,01/01/2015,31/12/2015,St Mary,
Robert David Johnson,Deputy,03/11/2014,31/12/2014,St Mary,
Juliette Gallichan,Deputy,01/01/2008,08/12/2008,St Mary,
Juliette Gallichan,Deputy,01/01/2007,31/12/2007,St Mary,
Juliette Gallichan,Deputy,01/01/2006,31/12/2006,St Mary,
Juliette Gallichan,Deputy,05/12/2005,31/12/2005,St Mary,
Carolyn Fiona Labey,Deputy,01/01/2016,31/12/2016,Grouville,
Carolyn Fiona Labey,Deputy,01/01/2015,31/12/2015,Grouville,
Carolyn Fiona Labey,Deputy,01/01/2014,31/12/2014,Grouville,
Carolyn Fiona Labey,Deputy,01/01/2013,31/12/2013,Grouville,
Carolyn Fiona Labey,Deputy,01/01/2012,31/12/2012,Grouville,
Carolyn Fiona Labey,Deputy,01/01/2011,31/12/2011,Grouville,
Carolyn Fiona Labey,Deputy,01/01/2010,31/12/2010,Grouville,
Carolyn Fiona Labey,Deputy,01/01/2009,31/12/2009,Grouville,
Carolyn Fiona Labey,Deputy,01/01/2008,31/12/2008,Grouville,
Carolyn Fiona Labey,Deputy,01/01/2007,31/12/2007,Grouville,
Carolyn Fiona Labey,Deputy,01/01/2006,31/12/2006,Grouville,
Carolyn Fiona Labey,Deputy,01/01/2005,31/12/2005,Grouville,
Russell Labey,Deputy,01/01/2016,31/12/2016,St Helier,St Helier 1
Russell Labey,Deputy,01/01/2015,31/12/2015,St Helier,St Helier 1
Russell Labey,Deputy,03/11/2014,31/12/2014,St Helier,St Helier 1
John Michael Le Bailly,Deputy,01/01/2014,03/11/2014,St Mary,
John Michael Le Bailly,Deputy,01/01/2013,31/12/2013,St Mary,
John Michael Le Bailly,Deputy,01/01/2012,31/12/2012,St Mary,
John Michael Le Bailly,Deputy,14/11/2011,31/12/2011,St Mary,
Paul Vincent Francis Le Claire,Deputy,01/01/2011,14/11/2011,St Helier,St Helier 1
Paul Vincent Francis Le Claire,Deputy,01/01/2010,31/12/2010,St Helier,St Helier 1
Paul Vincent Francis Le Claire,Deputy,01/01/2009,31/12/2009,St Helier,St Helier 1
Paul Vincent Francis Le Claire,Deputy,01/01/2008,31/12/2008,St Helier,St Helier 1
Paul Vincent Francis Le Claire,Deputy,01/01/2007,31/12/2007,St Helier,St Helier 1
Paul Vincent Francis Le Claire,Deputy,01/01/2006,31/12/2006,St Helier,St Helier 1
Paul Vincent Francis Le Claire,Deputy,05/12/2005,31/12/2005,St Helier,St Helier 1
Nicholas Basil Le Cornu,Deputy,07/03/2014,03/11/2014,St Helier,St Helier 1
John Alexander Nicholas Le Fondré,Deputy,01/01/2016,31/12/2016,St Lawrence,
John Alexander Nicholas Le Fondré,Deputy,01/01/2015,31/12/2015,St Lawrence,
John Alexander Nicholas Le Fondré,Deputy,01/01/2014,31/12/2014,St Lawrence,
John Alexander Nicholas Le Fondré,Deputy,01/01/2013,31/12/2013,St Lawrence,
John Alexander Nicholas Le Fondré,Deputy,01/01/2012,31/12/2012,St Lawrence,
John Alexander Nicholas Le Fondré,Deputy,01/01/2011,31/12/2011,St Lawrence,
John Alexander Nicholas Le Fondré,Deputy,01/01/2010,31/12/2010,St Lawrence,
John Alexander Nicholas Le Fondré,Deputy,01/01/2009,31/12/2009,St Lawrence,
John Alexander Nicholas Le Fondré,Deputy,01/01/2008,31/12/2008,St Lawrence,
John Alexander Nicholas Le Fondré,Deputy,01/01/2007,31/12/2007,St Lawrence,
John Alexander Nicholas Le Fondré,Deputy,01/01/2006,31/12/2006,St Lawrence,
John Alexander Nicholas Le Fondré,Deputy,05/12/2005,31/12/2005,St Lawrence,
Roy George Le Hérissier,Deputy,01/01/2014,03/11/2014,St Saviour,St Saviour 3
Roy George Le Hérissier,Deputy,01/01/2013,31/12/2013,St Saviour,St Saviour 3
Roy George Le Hérissier,Deputy,01/01/2012,31/12/2012,St Saviour,St Saviour 3
Roy George Le Hérissier,Deputy,01/01/2011,31/12/2011,St Saviour,St Saviour 3
Roy George Le Hérissier,Deputy,01/01/2010,31/12/2010,St Saviour,St Saviour 3
Roy George Le Hérissier,Deputy,01/01/2009,31/12/2009,St Saviour,St Saviour 3
Roy George Le Hérissier,Deputy,01/01/2008,31/12/2008,St Saviour,St Saviour 3
Roy George Le Hérissier,Deputy,01/01/2007,31/12/2007,St Saviour,St Saviour 3
Roy George Le Hérissier,Deputy,01/01/2006,31/12/2006,St Saviour,St Saviour 3
Roy George Le Hérissier,Deputy,01/01/2005,31/12/2005,St Saviour,St Saviour 3
Terence John Le Main ,Deputy,01/01/2005,05/12/2005,St Helier,St Helier 2
Andrew David Lewis,Deputy,01/01/2016,31/12/2016,St Helier,St Helier 3 and 4
Andrew David Lewis,Deputy,01/01/2015,31/12/2015,St Helier,St Helier 3 and 4
Andrew David Lewis,Deputy,03/11/2014,31/12/2014,St Helier,St Helier 3 and 4
Andrew David Lewis,Deputy,01/01/2008,08/12/2008,St John,
Andrew David Lewis,Deputy,01/01/2007,31/12/2007,St John,
Andrew David Lewis,Deputy,01/01/2006,31/12/2006,St John,
Andrew David Lewis,Deputy,05/12/2005,31/12/2005,St John,
Kevin Charles Lewis,Deputy,01/01/2016,31/12/2016,St Saviour,St Saviour 2
Kevin Charles Lewis,Deputy,01/01/2015,31/12/2015,St Saviour,St Saviour 2
Kevin Charles Lewis,Deputy,01/01/2014,31/12/2014,St Saviour,St Saviour 2
Kevin Charles Lewis,Deputy,01/01/2013,31/12/2013,St Saviour,St Saviour 2
Kevin Charles Lewis,Deputy,01/01/2012,31/12/2012,St Saviour,St Saviour 2
Kevin Charles Lewis,Deputy,01/01/2011,31/12/2011,St Saviour,St Saviour 2
Kevin Charles Lewis,Deputy,01/01/2010,31/12/2010,St Saviour,St Saviour 2
Kevin Charles Lewis,Deputy,01/01/2009,31/12/2009,St Saviour,St Saviour 2
Kevin Charles Lewis,Deputy,01/01/2008,31/12/2008,St Saviour,St Saviour 2
Kevin Charles Lewis,Deputy,01/01/2007,31/12/2007,St Saviour,St Saviour 2
Kevin Charles Lewis,Deputy,01/01/2006,31/12/2006,St Saviour,St Saviour 2
Kevin Charles Lewis,Deputy,05/12/2005,31/12/2005,St Saviour,St Saviour 2
Stephen George Luce,Deputy,01/01/2016,31/12/2016,St Martin,
Stephen George Luce,Deputy,01/01/2015,31/12/2015,St Martin,
Stephen George Luce,Deputy,01/01/2014,31/12/2014,St Martin,
Stephen George Luce,Deputy,01/01/2013,31/12/2013,St Martin,
Stephen George Luce,Deputy,01/01/2012,31/12/2012,St Martin,
Stephen George Luce,Deputy,14/11/2011,31/12/2011,St Martin,
Alan John Henry Maclean,Deputy,01/01/2008,08/12/2008,St Helier,St Helier 2
Alan John Henry Maclean,Deputy,01/01/2007,31/12/2007,St Helier,St Helier 2
Alan John Henry Maclean,Deputy,01/01/2006,31/12/2006,St Helier,St Helier 2
Alan John Henry Maclean,Deputy,05/12/2005,31/12/2005,St Helier,St Helier 2
Jeremy Martin Maçon,Deputy,01/01/2016,31/12/2016,St Saviour,St Saviour 1
Jeremy Martin Maçon,Deputy,01/01/2015,31/12/2015,St Saviour,St Saviour 1
Jeremy Martin Maçon,Deputy,01/01/2014,31/12/2014,St Saviour,St Saviour 1
Jeremy Martin Maçon,Deputy,01/01/2013,31/12/2013,St Saviour,St Saviour 1
Jeremy Martin Maçon,Deputy,01/01/2012,31/12/2012,St Saviour,St Saviour 1
Jeremy Martin Maçon,Deputy,01/01/2011,31/12/2011,St Saviour,St Saviour 1
Jeremy Martin Maçon,Deputy,01/01/2010,31/12/2010,St Saviour,St Saviour 1
Jeremy Martin Maçon,Deputy,01/01/2009,31/12/2009,St Saviour,St Saviour 1
Jeremy Martin Maçon,Deputy,08/12/2008,31/12/2008,St Saviour,St Saviour 1
Judith Ann Martin ,Deputy,01/01/2016,31/12/2016,St Helier,St Helier 1
Judith Ann Martin ,Deputy,01/01/2015,31/12/2015,St Helier,St Helier 1
Judith Ann Martin ,Deputy,01/01/2014,31/12/2014,St Helier,St Helier 1
Judith Ann Martin ,Deputy,01/01/2013,31/12/2013,St Helier,St Helier 1
Judith Ann Martin ,Deputy,01/01/2012,31/12/2012,St Helier,St Helier 1
Judith Ann Martin ,Deputy,01/01/2011,31/12/2011,St Helier,St Helier 1
Judith Ann Martin ,Deputy,01/01/2010,31/12/2010,St Helier,St Helier 1
Judith Ann Martin ,Deputy,01/01/2009,31/12/2009,St Helier,St Helier 1
Judith Ann Martin ,Deputy,01/01/2008,31/12/2008,St Helier,St Helier 1
Judith Ann Martin ,Deputy,01/01/2007,31/12/2007,St Helier,St Helier 1
Judith Ann Martin ,Deputy,01/01/2006,31/12/2006,St Helier,St Helier 1
Judith Ann Martin ,Deputy,01/01/2005,31/12/2005,St Helier,St Helier 1
Terence Alexander McDonald,Deputy,01/01/2016,31/12/2016,St Saviour,St Saviour 3
Terence Alexander McDonald,Deputy,01/01/2015,31/12/2015,St Saviour,St Saviour 3
Terence Alexander McDonald,Deputy,03/11/2014,31/12/2014,St Saviour,St Saviour 3
Peter Derek McLinton,Deputy,01/01/2016,31/12/2016,St Saviour,St Saviour 1
Peter Derek McLinton,Deputy,01/01/2015,31/12/2015,St Saviour,St Saviour 1
Peter Derek McLinton,Deputy,03/11/2014,31/12/2014,St Saviour,St Saviour 1
Samuel Yves Mézec,Deputy,01/01/2016,31/12/2016,St Helier,St Helier 2
Samuel Yves Mézec,Deputy,01/01/2015,31/12/2015,St Helier,St Helier 2
Samuel Yves Mézec,Deputy,07/03/2014,31/12/2014,St Helier,St Helier 2
Kristina Louise Moore,Deputy,01/01/2016,31/12/2016,St Peter,
Kristina Louise Moore,Deputy,01/01/2015,31/12/2015,St Peter,
Kristina Louise Moore,Deputy,01/01/2014,31/12/2014,St Peter,
Kristina Louise Moore,Deputy,01/01/2013,31/12/2013,St Peter,
Kristina Louise Moore,Deputy,01/01/2012,31/12/2012,St Peter,
Kristina Louise Moore,Deputy,14/11/2011,31/12/2011,St Peter,
Edward James Noel,Deputy,01/01/2016,31/12/2016,St Lawrence,
Edward James Noel,Deputy,01/01/2015,31/12/2015,St Lawrence,
Edward James Noel,Deputy,01/01/2014,31/12/2014,St Lawrence,
Edward James Noel,Deputy,01/01/2013,31/12/2013,St Lawrence,
Edward James Noel,Deputy,01/01/2012,31/12/2012,St Lawrence,
Edward James Noel,Deputy,01/01/2011,31/12/2011,St Lawrence,
Edward James Noel,Deputy,01/01/2010,31/12/2010,St Lawrence,
Edward James Noel,Deputy,01/01/2009,31/12/2009,St Lawrence,
Edward James Noel,Deputy,08/12/2008,31/12/2008,St Lawrence,
Murray Julian Norton,Deputy,01/01/2016,31/12/2016,St Brelade,St Brelade 1
Murray Julian Norton,Deputy,01/01/2015,31/12/2015,St Brelade,St Brelade 1
Murray Julian Norton,Deputy,03/11/2014,31/12/2014,St Brelade,St Brelade 1
Susan Jane Pinel,Deputy,01/01/2016,31/12/2016,St Clement,
Susan Jane Pinel,Deputy,01/01/2015,31/12/2015,St Clement,
Susan Jane Pinel,Deputy,01/01/2014,31/12/2014,St Clement,
Susan Jane Pinel,Deputy,01/01/2013,31/12/2013,St Clement,
Susan Jane Pinel,Deputy,01/01/2012,31/12/2012,St Clement,
Susan Jane Pinel,Deputy,14/11/2011,31/12/2011,St Clement,
Shona Pitman,Deputy,01/01/2014,07/03/2014,St Helier,St Helier 2
Shona Pitman,Deputy,01/01/2013,31/12/2013,St Helier,St Helier 2
Shona Pitman,Deputy,01/01/2012,31/12/2012,St Helier,St Helier 2
Shona Pitman,Deputy,01/01/2011,31/12/2011,St Helier,St Helier 2
Shona Pitman,Deputy,01/01/2010,31/12/2010,St Helier,St Helier 2
Shona Pitman,Deputy,01/01/2009,31/12/2009,St Helier,St Helier 2
Shona Pitman,Deputy,01/01/2008,31/12/2008,St Helier,St Helier 2
Shona Pitman,Deputy,01/01/2007,31/12/2007,St Helier,St Helier 2
Shona Pitman,Deputy,01/01/2006,31/12/2006,St Helier,St Helier 2
Shona Pitman,Deputy,05/12/2005,31/12/2005,St Helier,St Helier 2
Trevor Mark Pitman ,Deputy,01/01/2014,07/03/2014,St Helier,St Helier 1
Trevor Mark Pitman ,Deputy,01/01/2013,31/12/2013,St Helier,St Helier 1
Trevor Mark Pitman ,Deputy,01/01/2012,31/12/2012,St Helier,St Helier 1
Trevor Mark Pitman ,Deputy,01/01/2011,31/12/2011,St Helier,St Helier 1
Trevor Mark Pitman ,Deputy,01/01/2010,31/12/2010,St Helier,St Helier 1
Trevor Mark Pitman ,Deputy,01/01/2009,31/12/2009,St Helier,St Helier 1
Trevor Mark Pitman ,Deputy,08/12/2008,31/12/2008,St Helier,St Helier 1
Sean Power,Deputy,01/01/2014,03/11/2014,St Brelade,St Brelade 2
Sean Power,Deputy,01/01/2013,31/12/2013,St Brelade,St Brelade 2
Sean Power,Deputy,01/01/2012,31/12/2012,St Brelade,St Brelade 2
Sean Power,Deputy,01/01/2011,31/12/2011,St Brelade,St Brelade 2
Sean Power,Deputy,01/01/2010,31/12/2010,St Brelade,St Brelade 2
Sean Power,Deputy,01/01/2009,31/12/2009,St Brelade,St Brelade 2
Sean Power,Deputy,01/01/2008,31/12/2008,St Brelade,St Brelade 2
Sean Power,Deputy,01/01/2007,31/12/2007,St Brelade,St Brelade 2
Sean Power,Deputy,01/01/2006,31/12/2006,St Brelade,St Brelade 2
Sean Power,Deputy,05/12/2005,31/12/2005,St Brelade,St Brelade 2
Anne Enid Pryke,Deputy,01/01/2016,31/12/2016,Trinity,
Anne Enid Pryke,Deputy,01/01/2015,31/12/2015,Trinity,
Anne Enid Pryke,Deputy,01/01/2014,31/12/2014,Trinity,
Anne Enid Pryke,Deputy,01/01/2013,31/12/2013,Trinity,
Anne Enid Pryke,Deputy,01/01/2012,31/12/2012,Trinity,
Anne Enid Pryke,Deputy,01/01/2011,31/12/2011,Trinity,
Anne Enid Pryke,Deputy,01/01/2010,31/12/2010,Trinity,
Anne Enid Pryke,Deputy,01/01/2009,31/12/2009,Trinity,
Anne Enid Pryke,Deputy,01/01/2008,31/12/2008,Trinity,
Anne Enid Pryke,Deputy,01/01/2007,31/12/2007,Trinity,
Anne Enid Pryke,Deputy,01/01/2006,31/12/2006,Trinity,
Anne Enid Pryke,Deputy,05/12/2005,31/12/2005,Trinity,
James Gordon Reed,Deputy,01/01/2014,03/11/2014,St Ouen,
James Gordon Reed,Deputy,01/01/2013,31/12/2013,St Ouen,
James Gordon Reed,Deputy,01/01/2012,31/12/2012,St Ouen,
James Gordon Reed,Deputy,01/01/2011,31/12/2011,St Ouen,
James Gordon Reed,Deputy,01/01/2010,31/12/2010,St Ouen,
James Gordon Reed,Deputy,01/01/2009,31/12/2009,St Ouen,
James Gordon Reed,Deputy,01/01/2008,31/12/2008,St Ouen,
James Gordon Reed,Deputy,01/01/2007,31/12/2007,St Ouen,
James Gordon Reed,Deputy,01/01/2006,31/12/2006,St Ouen,
James Gordon Reed,Deputy,01/01/2005,31/12/2005,St Ouen,
Richard John Renouf,Deputy,01/01/2016,31/12/2016,St Ouen,
Richard John Renouf,Deputy,01/01/2015,31/12/2015,St Ouen,
Richard John Renouf,Deputy,03/11/2014,31/12/2014,St Ouen,
Philip John Rondel,Deputy,01/01/2011,14/11/2011,St John,
Philip John Rondel,Deputy,01/01/2010,31/12/2010,St John,
Philip John Rondel,Deputy,01/01/2009,31/12/2009,St John,
Philip John Rondel,Deputy,08/12/2008,31/12/2008,St John,
Philip John Rondel,Deputy,01/01/2005,05/12/2005,St John,
Richard John Rondel,Deputy,01/01/2016,31/12/2016,St Helier,St Helier 3 and 4
Richard John Rondel,Deputy,01/01/2015,31/12/2015,St Helier,St Helier 3 and 4
Richard John Rondel,Deputy,01/01/2014,31/12/2014,St Helier,St Helier 3 and 4
Richard John Rondel,Deputy,01/01/2013,31/12/2013,St Helier,St Helier 3 and 4
Richard John Rondel,Deputy,01/01/2012,31/12/2012,St Helier,St Helier 3 and 4
Richard John Rondel,Deputy,14/11/2011,31/12/2011,St Helier,St Helier 3 and 4
Patrick John Dennis Ryan,Deputy,01/01/2014,03/11/2014,St John,
Patrick John Dennis Ryan,Deputy,01/01/2013,31/12/2013,St John,
Patrick John Dennis Ryan,Deputy,01/01/2012,31/12/2012,St John,
Patrick John Dennis Ryan,Deputy,14/11/2011,31/12/2011,St John,
Patrick John Dennis Ryan,Deputy,01/01/2008,08/12/2008,St Helier,St Helier 1
Patrick John Dennis Ryan,Deputy,01/01/2007,31/12/2007,St Helier,St Helier 1
Patrick John Dennis Ryan,Deputy,01/01/2006,31/12/2006,St Helier,St Helier 1
Patrick John Dennis Ryan,Deputy,01/01/2005,31/12/2005,St Helier,St Helier 1
Celia Joyce Scott Warren,Deputy,01/01/2008,08/12/2008,St Saviour,St Saviour 1
Celia Joyce Scott Warren,Deputy,01/01/2007,31/12/2007,St Saviour,St Saviour 1
Celia Joyce Scott Warren,Deputy,01/01/2006,31/12/2006,St Saviour,St Saviour 1
Celia Joyce Scott Warren,Deputy,01/01/2005,31/12/2005,St Saviour,St Saviour 1
Geoffrey Peter Southern ,Deputy,01/01/2016,31/12/2016,St Helier,St Helier 2
Geoffrey Peter Southern ,Deputy,01/01/2015,31/12/2015,St Helier,St Helier 2
Geoffrey Peter Southern ,Deputy,01/01/2014,31/12/2014,St Helier,St Helier 2
Geoffrey Peter Southern ,Deputy,01/01/2013,31/12/2013,St Helier,St Helier 2
Geoffrey Peter Southern ,Deputy,01/01/2012,31/12/2012,St Helier,St Helier 2
Geoffrey Peter Southern ,Deputy,01/01/2011,31/12/2011,St Helier,St Helier 2
Geoffrey Peter Southern ,Deputy,01/01/2010,31/12/2010,St Helier,St Helier 2
Geoffrey Peter Southern ,Deputy,01/01/2009,31/12/2009,St Helier,St Helier 2
Geoffrey Peter Southern ,Deputy,01/01/2008,31/12/2008,St Helier,St Helier 2
Geoffrey Peter Southern ,Deputy,01/01/2007,31/12/2007,St Helier,St Helier 2
Geoffrey Peter Southern ,Deputy,01/01/2006,31/12/2006,St Helier,St Helier 2
Geoffrey Peter Southern ,Deputy,01/01/2005,31/12/2005,St Helier,St Helier 2
Montfort Tadier,Deputy,01/01/2016,31/12/2016,St Brelade,St Brelade 2
Montfort Tadier,Deputy,01/01/2015,31/12/2015,St Brelade,St Brelade 2
Montfort Tadier,Deputy,01/01/2014,31/12/2014,St Brelade,St Brelade 2
Montfort Tadier,Deputy,01/01/2013,31/12/2013,St Brelade,St Brelade 2
Montfort Tadier,Deputy,01/01/2012,31/12/2012,St Brelade,St Brelade 2
Montfort Tadier,Deputy,01/01/2011,31/12/2011,St Brelade,St Brelade 2
Montfort Tadier,Deputy,01/01/2010,31/12/2010,St Brelade,St Brelade 2
Montfort Tadier,Deputy,01/01/2009,31/12/2009,St Brelade,St Brelade 2
Montfort Tadier,Deputy,08/12/2008,31/12/2008,St Brelade,St Brelade 2
Michael Andrew Taylor,Deputy,01/01/2005,05/12/2005,St Clement,
Peter Nicholas Troy,Deputy,01/01/2008,08/12/2008,St Brelade,St Brelade 2
Peter Nicholas Troy,Deputy,01/01/2007,31/12/2007,St Brelade,St Brelade 2
Peter Nicholas Troy,Deputy,01/01/2006,31/12/2006,St Brelade,St Brelade 2
Peter Nicholas Troy,Deputy,01/01/2005,31/12/2005,St Brelade,St Brelade 2
Graham John Truscott,Deputy,01/01/2016,31/12/2016,St Brelade,St Brelade 2
Graham John Truscott,Deputy,01/01/2015,31/12/2015,St Brelade,St Brelade 2
Graham John Truscott,Deputy,03/11/2014,31/12/2014,St Brelade,St Brelade 2
Tracey Anne Vallois,Deputy,01/01/2016,31/12/2016,St John,
Tracey Anne Vallois,Deputy,01/01/2015,31/12/2015,St John,
Tracey Anne Vallois,Deputy,03/11/2014,31/12/2014,St John,
Tracey Anne Vallois,Deputy,01/01/2014,03/11/2014,St Saviour,St Saviour 2
Tracey Anne Vallois,Deputy,01/01/2013,31/12/2013,St Saviour,St Saviour 2
Tracey Anne Vallois,Deputy,01/01/2012,31/12/2012,St Saviour,St Saviour 2
Tracey Anne Vallois,Deputy,01/01/2011,31/12/2011,St Saviour,St Saviour 2
Tracey Anne Vallois,Deputy,01/01/2010,31/12/2010,St Saviour,St Saviour 2
Tracey Anne Vallois,Deputy,01/01/2009,31/12/2009,St Saviour,St Saviour 2
Tracey Anne Vallois,Deputy,08/12/2008,31/12/2008,St Saviour,St Saviour 2
Francis Gerald Voisin,Deputy,01/01/2005,05/12/2005,St Lawrence,
Scott Michael Wickenden,Deputy,01/01/2016,31/12/2016,St Helier,St Helier 1
Scott Michael Wickenden,Deputy,01/01/2015,31/12/2015,St Helier,St Helier 1
Scott Michael Wickenden,Deputy,03/11/2014,31/12/2014,St Helier,St Helier 1
Daniel John Arabin Wimberley,Deputy,01/01/2011,14/11/2011,St Mary,
Daniel John Arabin Wimberley,Deputy,01/01/2010,31/12/2010,St Mary,
Daniel John Arabin Wimberley,Deputy,01/01/2009,31/12/2009,St Mary,
Daniel John Arabin Wimberley,Deputy,08/12/2008,31/12/2008,St Mary,
John Hilary Young,Deputy,01/01/2014,03/11/2014,St Brelade,St Brelade 1
John Hilary Young,Deputy,01/01/2013,31/12/2013,St Brelade,St Brelade 1
John Hilary Young,Deputy,01/01/2012,31/12/2012,St Brelade,St Brelade 1
John Hilary Young,Deputy,14/11/2011,31/12/2011,St Brelade,St Brelade 1
Timothy John Le Cocq,Deputy Bailiff,01/01/2016,31/12/2016,Island-wide,
Timothy John Le Cocq,Deputy Bailiff,02/04/2015,31/12/2015,Island-wide,
William James Bailhache,Deputy Bailiff,01/01/2015,02/04/2015,Island-wide,
William James Bailhache,Deputy Bailiff,01/01/2014,31/12/2014,Island-wide,
William James Bailhache,Deputy Bailiff,01/01/2013,31/12/2013,Island-wide,
William James Bailhache,Deputy Bailiff,01/01/2012,31/12/2012,Island-wide,
William James Bailhache,Deputy Bailiff,01/01/2011,31/12/2011,Island-wide,
William James Bailhache,Deputy Bailiff,01/01/2010,31/12/2010,Island-wide,
William James Bailhache,Deputy Bailiff,02/11/2009,31/12/2009,Island-wide,
Sir Michael Birt,Deputy Bailiff,01/01/2009,02/11/2009,Island-wide,
Sir Michael Birt,Deputy Bailiff,01/01/2008,31/12/2008,Island-wide,
Sir Michael Birt,Deputy Bailiff,01/01/2007,31/12/2007,Island-wide,
Sir Michael Birt,Deputy Bailiff,01/01/2006,31/12/2006,Island-wide,
Sir Michael Birt,Deputy Bailiff,01/01/2005,31/12/2005,Island-wide,
"Andrew Kenneth Francis Green, M.B.E.",Deputy Chief Minister,01/01/2016,31/12/2016,Island-wide,
"Andrew Kenneth Francis Green, M.B.E.",Deputy Chief Minister,01/01/2015,31/12/2015,Island-wide,
"Andrew Kenneth Francis Green, M.B.E.",Deputy Chief Minister,17/11/2014,31/12/2014,Island-wide,
Bryan Ian Le Marquand,Deputy Chief Minister,01/01/2014,13/11/2014,Island-wide,
Bryan Ian Le Marquand,Deputy Chief Minister,01/01/2013,31/12/2013,Island-wide,
Bryan Ian Le Marquand,Deputy Chief Minister,01/01/2012,31/12/2012,Island-wide,
Bryan Ian Le Marquand,Deputy Chief Minister,25/11/2011,31/12/2011,Island-wide,
Terence Augustine Le Sueur,Deputy Chief Minister,01/01/2008,16/12/2008,Island-wide,
Terence Augustine Le Sueur,Deputy Chief Minister,01/01/2007,31/12/2007,Island-wide,
Terence Augustine Le Sueur,Deputy Chief Minister,01/01/2006,31/12/2006,Island-wide,
Terence Augustine Le Sueur,Deputy Chief Minister,08/12/2005,31/12/2005,Island-wide,
Philip Francis Cyril Ozouf,Deputy Chief Minister,01/01/2011,17/11/2011,Island-wide,
Philip Francis Cyril Ozouf,Deputy Chief Minister,01/01/2010,31/12/2010,Island-wide,
Philip Francis Cyril Ozouf,Deputy Chief Minister,01/01/2009,31/12/2009,Island-wide,
Philip Francis Cyril Ozouf,Deputy Chief Minister,16/12/2008,31/12/2008,Island-wide,
Lyndon John Farnham,"Economic Development, Tourism, Sport and Culture Minister",01/01/2016,31/12/2016,Island-wide,
Lyndon John Farnham,"Economic Development, Tourism, Sport and Culture Minister",01/01/2015,31/12/2015,Island-wide,
Lyndon John Farnham ,"Economic Development, Tourism, Sport and Culture Minister",13/11/2014,31/12/2014,Island-wide,
Alan John Henry Maclean,"Economic Development, Tourism, Sport and Culture Minister",01/01/2014,15/10/2014,Island-wide,
Alan John Henry Maclean,"Economic Development, Tourism, Sport and Culture Minister",01/01/2013,31/12/2013,Island-wide,
Alan John Henry Maclean,"Economic Development, Tourism, Sport and Culture Minister",01/01/2012,31/12/2012,Island-wide,
Alan John Henry Maclean,"Economic Development, Tourism, Sport and Culture Minister",01/01/2011,31/12/2011,Island-wide,
Alan John Henry Maclean,"Economic Development, Tourism, Sport and Culture Minister",01/01/2010,31/12/2010,Island-wide,
Alan John Henry Maclean,"Economic Development, Tourism, Sport and Culture Minister",01/01/2009,31/12/2009,Island-wide,
Alan John Henry Maclean,"Economic Development, Tourism, Sport and Culture Minister",11/12/2008,31/12/2008,Island-wide,
Philip Francis Cyril Ozouf,"Economic Development, Tourism, Sport and Culture Minister",01/01/2008,11/12/2008,Island-wide,
Philip Francis Cyril Ozouf,"Economic Development, Tourism, Sport and Culture Minister",01/01/2007,31/12/2007,Island-wide,
Philip Francis Cyril Ozouf,"Economic Development, Tourism, Sport and Culture Minister",01/01/2006,31/12/2006,Island-wide,
Philip Francis Cyril Ozouf,"Economic Development, Tourism, Sport and Culture Minister",08/12/2005,31/12/2005,Island-wide,
Roderick Gordon Bryans,Education Minister,01/01/2016,31/12/2016,Island-wide,
Roderick Gordon Bryans,Education Minister,01/01/2015,31/12/2015,Island-wide,
Roderick Gordon Bryans,Education Minister,13/11/2014,31/12/2017,Island-wide,
James Gordon Reed,Education Minister,01/01/2011,17/11/2011,Island-wide,
James Gordon Reed,Education Minister,01/01/2010,31/12/2010,Island-wide,
James Gordon Reed,Education Minister,01/01/2009,31/12/2009,Island-wide,
James Gordon Reed,Education Minister,12/12/2008,31/12/2008,Island-wide,
Patrick John Dennis Ryan,Education Minister,01/01/2014,13/11/2014,Island-wide,
Patrick John Dennis Ryan,Education Minister,01/01/2013,31/12/2013,Island-wide,
Patrick John Dennis Ryan,Education Minister,01/01/2012,31/12/2012,Island-wide,
Patrick John Dennis Ryan,Education Minister,17/11/2011,31/12/2011,Island-wide,
Michael Edward Vibert,Education Minister,01/01/2008,12/12/2008,Island-wide,
Michael Edward Vibert,Education Minister,01/01/2007,31/12/2007,Island-wide,
Michael Edward Vibert,Education Minister,01/01/2006,31/12/2006,Island-wide,
Michael Edward Vibert,Education Minister,08/12/2005,31/12/2005,Island-wide,
Frederick Ellyer Cohen,Environment Minister,01/01/2011,12/07/2011,Island-wide,
Frederick Ellyer Cohen,Environment Minister,01/01/2010,31/12/2010,Island-wide,
Frederick Ellyer Cohen,Environment Minister,01/01/2009,31/12/2009,Island-wide,
Frederick Ellyer Cohen,Environment Minister,01/01/2008,31/12/2008,Island-wide,
Frederick Ellyer Cohen,Environment Minister,01/01/2007,31/12/2007,Island-wide,
Frederick Ellyer Cohen,Environment Minister,01/01/2006,31/12/2006,Island-wide,
Frederick Ellyer Cohen,Environment Minister,08/12/2005,31/12/2005,Island-wide,
Robert Charles Duhamel,Environment Minister,01/01/2014,13/11/2014,Island-wide,
Robert Charles Duhamel,Environment Minister,01/01/2013,31/12/2013,Island-wide,
Robert Charles Duhamel,Environment Minister,01/01/2012,31/12/2012,Island-wide,
Robert Charles Duhamel,Environment Minister,12/07/2011,31/12/2011,Island-wide,
Stephen George Luce,Environment Minister,01/01/2016,31/12/2016,Island-wide,
Stephen George Luce,Environment Minister,01/01/2015,31/12/2015,Island-wide,
Stephen George Luce,Environment Minister,13/11/2014,31/12/2014,Island-wide,
Sir Philip Martin Bailhache,External Relations Minister,01/01/2016,31/12/2016,Island-wide,
Sir Philip Martin Bailhache,External Relations Minister,01/01/2015,31/12/2015,Island-wide,
Sir Philip Martin Bailhache,External Relations Minister,01/01/2014,31/12/2014,Island-wide,
Sir Philip Martin Bailhache,External Relations Minister,24/09/2013,31/12/2013,Island-wide,
Mark Egan,Greffier,19/01/2016,31/12/2016,Island-wide,
"Michael de la Haye, OBE",Greffier,01/01/2016,19/01/2016,Island-wide,
"Michael de la Haye, OBE",Greffier,01/01/2015,31/12/2015,Island-wide,
"Michael de la Haye, OBE",Greffier,01/01/2014,31/12/2014,Island-wide,
"Michael de la Haye, OBE",Greffier,01/01/2013,31/12/2013,Island-wide,
"Michael de la Haye, OBE",Greffier,01/01/2012,31/12/2012,Island-wide,
"Michael de la Haye, OBE",Greffier,01/01/2011,31/12/2011,Island-wide,
"Michael de la Haye, OBE",Greffier,01/01/2010,31/12/2010,Island-wide,
"Michael de la Haye, OBE",Greffier,01/01/2009,31/12/2009,Island-wide,
"Michael de la Haye, OBE",Greffier,01/01/2008,31/12/2008,Island-wide,
"Michael de la Haye, OBE",Greffier,01/01/2007,31/12/2007,Island-wide,
"Michael de la Haye, OBE",Greffier,01/01/2006,31/12/2006,Island-wide,
"Michael de la Haye, OBE",Greffier,01/01/2005,31/12/2005,Island-wide,
Robert James MacRae QC,H.M. Attorney General,01/01/2016,31/12/2016,Island-wide,
Robert James MacRae QC,H.M. Attorney General,05/05/2015,31/12/2015,Island-wide,
Timothy John Le Cocq,H.M. Attorney General,01/01/2015,05/05/2015,Island-wide,
Timothy John Le Cocq,H.M. Attorney General,01/01/2014,31/12/2014,Island-wide,
Timothy John Le Cocq,H.M. Attorney General,01/01/2013,31/12/2013,Island-wide,
Timothy John Le Cocq,H.M. Attorney General,01/01/2012,31/12/2012,Island-wide,
Timothy John Le Cocq,H.M. Attorney General,01/01/2011,31/12/2011,Island-wide,
Timothy John Le Cocq,H.M. Attorney General,01/01/2010,31/12/2010,Island-wide,
Timothy John Le Cocq,H.M. Attorney General,10/11/2009,31/12/2009,Island-wide,
William James Bailhache,H.M. Attorney General,01/01/2009,10/11/2009,Island-wide,
William James Bailhache,H.M. Attorney General,01/01/2008,31/12/2008,Island-wide,
William James Bailhache,H.M. Attorney General,01/01/2007,31/12/2007,Island-wide,
William James Bailhache,H.M. Attorney General,01/01/2006,31/12/2006,Island-wide,
William James Bailhache,H.M. Attorney General,01/01/2005,31/12/2005,Island-wide,
Mark Howard Temple QC,H.M. Solicitor General,01/01/2016,31/12/2016,Island-wide,
Mark Howard Temple QC,H.M. Solicitor General,17/08/2015,31/12/2015,Island-wide,
Howard Sharp QC,H.M. Solicitor General,01/01/2015,17/08/2015,Island-wide,
Howard Sharp QC,H.M. Solicitor General,01/01/2014,31/12/2014,Island-wide,
Howard Sharp QC,H.M. Solicitor General,01/01/2013,31/12/2013,Island-wide,
Howard Sharp QC,H.M. Solicitor General,01/01/2012,31/12/2012,Island-wide,
Howard Sharp QC,H.M. Solicitor General,01/01/2011,31/12/2011,Island-wide,
Howard Sharp QC,H.M. Solicitor General,01/01/2010,31/12/2010,Island-wide,
Timothy John Le Cocq,H.M. Solicitor General,01/01/2009,31/12/2009,Island-wide,
Timothy John Le Cocq,H.M. Solicitor General,08/04/2008,31/12/2008,Island-wide,
Stephanie Nicolle QC,H.M. Solicitor General,01/01/2008,05/04/2008,Island-wide,
Stephanie Nicolle QC,H.M. Solicitor General,01/01/2007,31/12/2007,Island-wide,
Stephanie Nicolle QC,H.M. Solicitor General,01/01/2006,31/12/2006,Island-wide,
Stephanie Nicolle QC,H.M. Solicitor General,01/01/2005,31/12/2005,Island-wide,
"Andrew Kenneth Francis Green, M.B.E.",Health & Social Services Minister,01/01/2016,31/12/2016,Island-wide,
"Andrew Kenneth Francis Green, M.B.E.",Health & Social Services Minister,01/01/2015,31/12/2015,Island-wide,
"Andrew Kenneth Francis Green, M.B.E.",Health & Social Services Minister,13/11/2014,31/12/2014,Island-wide,
James Leslie Perchard,Health & Social Services Minister,01/01/2009,15/04/2009,Island-wide,
James Leslie Perchard,Health & Social Services Minister,11/12/2008,31/12/2008,Island-wide,
Anne Enid Pryke,Health & Social Services Minister,01/01/2014,13/11/2014,Island-wide,
Anne Enid Pryke,Health & Social Services Minister,01/01/2013,31/12/2013,Island-wide,
Anne Enid Pryke,Health & Social Services Minister,01/01/2012,31/12/2012,Island-wide,
Anne Enid Pryke,Health & Social Services Minister,01/01/2011,31/12/2011,Island-wide,
Anne Enid Pryke,Health & Social Services Minister,01/01/2010,31/12/2010,Island-wide,
Anne Enid Pryke,Health & Social Services Minister,28/04/2009,31/12/2009,Island-wide,
Ben Edward Shenton,Health & Social Services Minister,01/01/2008,11/12/2008,Island-wide,
Ben Edward Shenton,Health & Social Services Minister,19/09/2007,31/12/2007,Island-wide,
Stuart Syvret,Health & Social Services Minister,01/01/2006,31/12/2006,Island-wide,
Stuart Syvret,Health & Social Services Minister,08/12/2005,31/12/2005,Island-wide,
Stuart Syvret,Health & Social Services Minister,01/01/2007,11/09/2007,Island-wide,
Wendy Kinnard ,Home Affairs Minister,01/01/2008,22/10/2008,Island-wide,
Wendy Kinnard ,Home Affairs Minister,01/01/2007,31/12/2007,Island-wide,
Wendy Kinnard ,Home Affairs Minister,01/01/2006,31/12/2006,Island-wide,
Wendy Kinnard ,Home Affairs Minister,08/12/2005,31/12/2005,Island-wide,
Bryan Ian Le Marquand,Home Affairs Minister,01/01/2014,11/11/2014,Island-wide,
Bryan Ian Le Marquand,Home Affairs Minister,01/01/2013,31/12/2013,Island-wide,
Bryan Ian Le Marquand,Home Affairs Minister,01/01/2012,31/12/2012,Island-wide,
Bryan Ian Le Marquand,Home Affairs Minister,01/01/2011,31/12/2011,Island-wide,
Bryan Ian Le Marquand,Home Affairs Minister,01/01/2010,31/12/2010,Island-wide,
Bryan Ian Le Marquand,Home Affairs Minister,01/01/2009,31/12/2009,Island-wide,
Bryan Ian Le Marquand,Home Affairs Minister,11/12/2008,31/12/2008,Island-wide,
Andrew David Lewis,Home Affairs Minister,22/10/2008,11/12/2008,Island-wide,
Kristina Louise Moore,Home Affairs Minister,01/01/2016,31/12/2016,Island-wide,
Kristina Louise Moore,Home Affairs Minister,01/01/2015,31/12/2015,Island-wide,
Kristina Louise Moore,Home Affairs Minister,11/11/2014,31/12/2014,Island-wide,
"Andrew Kenneth Francis Green, M.B.E.",Housing Minister,01/11/2014,13/11/2014,Island-wide,
"Andrew Kenneth Francis Green, M.B.E.",Housing Minister,01/01/2013,31/12/2013,Island-wide,
"Andrew Kenneth Francis Green, M.B.E.",Housing Minister,01/01/2012,31/12/2012,Island-wide,
"Andrew Kenneth Francis Green, M.B.E.",Housing Minister,15/02/2011,31/12/2011,Island-wide,
Terence John Le Main,Housing Minister,01/01/2010,02/06/2010,Island-wide,
Terence John Le Main,Housing Minister,01/01/2009,31/12/2009,Island-wide,
Terence John Le Main,Housing Minister,01/01/2008,31/12/2008,Island-wide,
Terence John Le Main,Housing Minister,01/01/2007,31/12/2007,Island-wide,
Terence John Le Main,Housing Minister,01/01/2006,31/12/2006,Island-wide,
Terence John Le Main,Housing Minister,08/12/2005,31/12/2005,Island-wide,
Sean Power,Housing Minister,01/01/2011,01/02/2011,Island-wide,
Sean Power,Housing Minister,07/06/2010,31/12/2010,Island-wide,
Anne Enid Pryke,Housing Minister,01/01/2016,31/12/2016,Island-wide,
Anne Enid Pryke,Housing Minister,01/01/2015,31/12/2015,Island-wide,
Anne Enid Pryke,Housing Minister,13/11/2014,31/12/2014,Island-wide,
Guy William John de Faye,Infrastructure Minister,01/01/2008,11/12/2008,Island-wide,
Guy William John de Faye,Infrastructure Minister,01/01/2007,31/12/2007,Island-wide,
Guy William John de Faye,Infrastructure Minister,01/01/2006,31/12/2006,Island-wide,
Guy William John de Faye,Infrastructure Minister,08/12/2005,31/12/2005,Island-wide,
Michael Keith Jackson,Infrastructure Minister,01/01/2011,17/11/2011,Island-wide,
Michael Keith Jackson,Infrastructure Minister,01/01/2010,31/12/2010,Island-wide,
Michael Keith Jackson,Infrastructure Minister,01/01/2009,31/12/2009,Island-wide,
Michael Keith Jackson,Infrastructure Minister,11/12/2008,31/12/2008,Island-wide,
Kevin Charles Lewis,Infrastructure Minister,01/01/2014,15/10/2014,Island-wide,
Kevin Charles Lewis,Infrastructure Minister,01/01/2013,31/12/2013,Island-wide,
Kevin Charles Lewis,Infrastructure Minister,01/01/2012,31/12/2012,Island-wide,
Kevin Charles Lewis,Infrastructure Minister,17/11/2011,31/12/2011,Island-wide,
Edward James Noel,Infrastructure Minister,01/01/2016,31/12/2016,Island-wide,
Edward James Noel,Infrastructure Minister,01/01/2015,31/12/2015,Island-wide,
Edward James Noel,Infrastructure Minister,13/11/2014,31/12/2014,Island-wide,
"General Sir John McColl, KCB, CBE, DSO",Lieutenant-Governor,01/01/2016,30/11/2016,Island-wide,
"General Sir John McColl, KCB, CBE, DSO",Lieutenant-Governor,01/01/2015,31/12/2015,Island-wide,
"General Sir John McColl, KCB, CBE, DSO",Lieutenant-Governor,01/01/2014,31/12/2014,Island-wide,
"General Sir John McColl, KCB, CBE, DSO",Lieutenant-Governor,01/01/2013,31/12/2013,Island-wide,
"General Sir John McColl, KCB, CBE, DSO",Lieutenant-Governor,01/01/2012,31/12/2012,Island-wide,
"General Sir John McColl, KCB, CBE, DSO",Lieutenant-Governor,26/09/2011,31/12/2011,Island-wide,
"Sir Andrew Ridgeway, KBE, CB",Lieutenant-Governor,01/01/2011,30/06/2011,Island-wide,
"Sir Andrew Ridgeway, KBE, CB",Lieutenant-Governor,01/01/2010,31/12/2010,Island-wide,
"Sir Andrew Ridgeway, KBE, CB",Lieutenant-Governor,01/01/2009,31/12/2009,Island-wide,
"Sir Andrew Ridgeway, KBE, CB",Lieutenant-Governor,01/01/2008,31/12/2008,Island-wide,
"Sir Andrew Ridgeway, KBE, CB",Lieutenant-Governor,01/01/2007,31/12/2007,Island-wide,
"Sir Andrew Ridgeway, KBE, CB",Lieutenant-Governor,15/06/2006,31/12/2006,Island-wide,
"Air Chief Marshal Sir John Anthony Cheshire, KBE, CB",Lieutenant-Governor,01/01/2006,07/04/2006,Island-wide,
"Air Chief Marshal Sir John Anthony Cheshire, KBE, CB",Lieutenant-Governor,01/01/2005,31/12/2005,Island-wide,
Leonard Norman,Privileges and Procedures Committee Chairman,01/01/2016,31/12/2016,Island-wide,
Leonard Norman,Privileges and Procedures Committee Chairman,01/01/2015,31/12/2015,Island-wide,
Leonard Norman,Privileges and Procedures Committee Chairman,13/11/2014,31/12/2014,Island-wide,
Jeremy Martin Maçon,Privileges and Procedures Committee Chairman,01/01/2014,13/11/2014,Island-wide,
Jeremy Martin Maçon,Privileges and Procedures Committee Chairman,18/07/2013,31/12/2013,Island-wide,
Alan Simon Crowcroft,Privileges and Procedures Committee Chairman,01/01/2013,16/07/2013,Island-wide,
Alan Simon Crowcroft,Privileges and Procedures Committee Chairman,01/01/2012,31/12/2012,Island-wide,
Alan Simon Crowcroft,Privileges and Procedures Committee Chairman,23/11/2011,31/12/2011,Island-wide,
Juliette Gallichan,Privileges and Procedures Committee Chairman,01/01/2011,23/11/2011,Island-wide,
Juliette Gallichan,Privileges and Procedures Committee Chairman,01/01/2010,31/12/2010,Island-wide,
Juliette Gallichan,Privileges and Procedures Committee Chairman,01/01/2009,31/12/2009,Island-wide,
Juliette Gallichan,Privileges and Procedures Committee Chairman,12/12/2008,31/12/2008,Island-wide,
Derek Frederick Gray,Privileges and Procedures Committee Chairman,01/01/2008,12/12/2008,Island-wide,
Derek Frederick Gray,Privileges and Procedures Committee Chairman,01/01/2007,31/12/2007,Island-wide,
Derek Frederick Gray,Privileges and Procedures Committee Chairman,08/12/2006,31/12/2006,Island-wide,
Roy George Le Hérissier,Privileges and Procedures Committee Chairman,01/01/2005,01/12/2005,Island-wide,
Andrew David Lewis,Public Accounts Committee Chairman,01/01/2016,31/12/2016,Island-wide,
Andrew David Lewis,Public Accounts Committee Chairman,01/01/2015,31/12/2015,Island-wide,
Andrew David Lewis,Public Accounts Committee Chairman,11/11/2014,31/12/2014,Island-wide,
Tracey Anne Vallois,Public Accounts Committee Chairman,01/01/2014,11/11/2014,Island-wide,
Tracey Anne Vallois,Public Accounts Committee Chairman,01/01/2013,31/12/2013,Island-wide,
Tracey Anne Vallois,Public Accounts Committee Chairman,01/01/2012,31/12/2012,Island-wide,
Tracey Anne Vallois,Public Accounts Committee Chairman,22/11/2011,31/12/2011,Island-wide,
Ben Edward Shenton,Public Accounts Committee Chairman,01/01/2011,22/11/2011,Island-wide,
Ben Edward Shenton,Public Accounts Committee Chairman,01/01/2010,31/12/2010,Island-wide,
Ben Edward Shenton,Public Accounts Committee Chairman,01/01/2009,31/12/2009,Island-wide,
Ben Edward Shenton,Public Accounts Committee Chairman,12/12/2008,31/12/2008,Island-wide,
Sarah Craig Ferguson,Public Accounts Committee Chairman,01/01/2008,12/12/2008,Island-wide,
Sarah Craig Ferguson,Public Accounts Committee Chairman,01/01/2007,31/12/2007,Island-wide,
Sarah Craig Ferguson,Public Accounts Committee Chairman,01/01/2006,31/12/2006,Island-wide,
Sarah Craig Ferguson,Public Accounts Committee Chairman,08/12/2005,31/12/2005,Island-wide,
Sir Philip Martin Bailhache,Senator,01/01/2016,31/12/2016,Island-wide,
Sir Philip Martin Bailhache,Senator,01/01/2015,31/12/2015,Island-wide,
Sir Philip Martin Bailhache,Senator,01/01/2014,31/12/2014,Island-wide,
Sir Philip Martin Bailhache,Senator,01/01/2013,31/12/2013,Island-wide,
Sir Philip Martin Bailhache,Senator,01/01/2012,31/12/2012,Island-wide,
Sir Philip Martin Bailhache,Senator,14/11/2011,31/12/2011,Island-wide,
Alan Breckon,Senator,01/01/2014,03/11/2014,Island-wide,
Alan Breckon,Senator,01/01/2013,31/12/2013,Island-wide,
Alan Breckon,Senator,01/01/2012,31/12/2012,Island-wide,
Alan Breckon,Senator,01/01/2011,31/12/2011,Island-wide,
Alan Breckon,Senator,01/01/2010,31/12/2010,Island-wide,
Alan Breckon,Senator,01/01/2009,31/12/2009,Island-wide,
Alan Breckon,Senator,08/12/2008,31/12/2008,Island-wide,
Zoe Ann Cameron,Senator,01/01/2016,12/07/2016,Island-wide,
Zoe Ann Cameron,Senator,01/01/2015,31/12/2015,Island-wide,
Frederick Ellyer Cohen,Senator,01/01/2011,14/11/2011,Island-wide,
Frederick Ellyer Cohen,Senator,01/01/2010,31/12/2010,Island-wide,
Frederick Ellyer Cohen,Senator,01/01/2009,31/12/2009,Island-wide,
Frederick Ellyer Cohen,Senator,01/01/2008,31/12/2008,Island-wide,
Frederick Ellyer Cohen,Senator,01/01/2007,31/12/2007,Island-wide,
Frederick Ellyer Cohen,Senator,01/01/2006,31/12/2006,Island-wide,
Frederick Ellyer Cohen,Senator,05/12/2005,31/12/2005,Island-wide,
Lyndon John Farnham,Senator,01/01/2016,31/12/2016,Island-wide,
Lyndon John Farnham,Senator,01/01/2015,31/12/2015,Island-wide,
Lyndon John Farnham,Senator,01/01/2014,31/12/2014,Island-wide,
Lyndon John Farnham,Senator,01/01/2013,31/12/2013,Island-wide,
Lyndon John Farnham,Senator,01/01/2012,31/12/2012,Island-wide,
Lyndon John Farnham,Senator,14/11/2011,31/12/2011,Island-wide,
Sarah Craig Ferguson,Senator,07/09/2016,31/12/2016,Island-wide,
Sarah Craig Ferguson,Senator,01/01/2014,03/11/2014,Island-wide,
Sarah Craig Ferguson,Senator,01/01/2013,31/12/2013,Island-wide,
Sarah Craig Ferguson,Senator,01/01/2012,31/12/2012,Island-wide,
Sarah Craig Ferguson,Senator,01/01/2011,31/12/2011,Island-wide,
Sarah Craig Ferguson,Senator,01/01/2010,31/12/2010,Island-wide,
Sarah Craig Ferguson,Senator,01/01/2009,31/12/2009,Island-wide,
Sarah Craig Ferguson,Senator,08/12/2008,31/12/2008,Island-wide,
Ian Joseph Gorst,Senator,01/01/2016,31/12/2016,Island-wide,
Ian Joseph Gorst,Senator,01/01/2015,31/12/2015,Island-wide,
Ian Joseph Gorst,Senator,01/01/2014,31/12/2014,Island-wide,
Ian Joseph Gorst,Senator,01/01/2013,31/12/2013,Island-wide,
Ian Joseph Gorst,Senator,01/01/2012,31/12/2012,Island-wide,
Ian Joseph Gorst,Senator,14/11/2011,31/12/2011,Island-wide,
"Andrew Kenneth Francis Green, M.B.E.",Senator,01/01/2016,31/12/2016,Island-wide,
"Andrew Kenneth Francis Green, M.B.E.",Senator,01/01/2015,31/12/2015,Island-wide,
"Andrew Kenneth Francis Green, M.B.E.",Senator,03/11/2014,31/12/2014,Island-wide,
Wendy Kinnard,Senator,01/01/2008,08/12/2008,Island-wide,
Wendy Kinnard,Senator,01/01/2007,31/12/2007,Island-wide,
Wendy Kinnard,Senator,01/01/2006,31/12/2006,Island-wide,
Wendy Kinnard,Senator,01/01/2005,31/12/2005,Island-wide,
Paul Vincent Francis Le Claire,Senator,01/01/2005,05/12/2005,Island-wide,
"Francis du Heaume Le Gresley, M.B.E.",Senator,01/01/2014,03/11/2014,Island-wide,
"Francis du Heaume Le Gresley, M.B.E.",Senator,01/01/2013,31/12/2013,Island-wide,
"Francis du Heaume Le Gresley, M.B.E.",Senator,01/01/2012,31/12/2012,Island-wide,
"Francis du Heaume Le Gresley, M.B.E.",Senator,01/01/2011,31/12/2011,Island-wide,
"Francis du Heaume Le Gresley, M.B.E.",Senator,18/06/2010,31/12/2010,Island-wide,
Terence John Le Main ,Senator,01/01/2011,14/11/2011,Island-wide,
Terence John Le Main ,Senator,01/01/2010,31/12/2010,Island-wide,
Terence John Le Main ,Senator,01/01/2009,31/12/2009,Island-wide,
Terence John Le Main ,Senator,01/01/2008,31/12/2008,Island-wide,
Terence John Le Main ,Senator,01/01/2007,31/12/2007,Island-wide,
Terence John Le Main ,Senator,01/01/2006,31/12/2006,Island-wide,
Jean Amy Le Maistre,Senator,01/01/2005,05/12/2005,Island-wide,
Bryan Ian Le Marquand,Senator,01/01/2014,03/11/2014,Island-wide,
Bryan Ian Le Marquand,Senator,01/01/2013,31/12/2013,Island-wide,
Bryan Ian Le Marquand,Senator,01/01/2012,31/12/2012,Island-wide,
Bryan Ian Le Marquand,Senator,01/01/2011,31/12/2011,Island-wide,
Bryan Ian Le Marquand,Senator,01/01/2010,31/12/2010,Island-wide,
Bryan Ian Le Marquand,Senator,01/01/2009,31/12/2009,Island-wide,
Bryan Ian Le Marquand,Senator,08/12/2008,31/12/2008,Island-wide,
Terence Augustine Le Sueur,Senator,01/01/2011,14/11/2011,Island-wide,
Terence Augustine Le Sueur,Senator,01/01/2010,31/12/2010,Island-wide,
Terence Augustine Le Sueur,Senator,01/01/2009,31/12/2009,Island-wide,
Terence Augustine Le Sueur,Senator,01/01/2008,31/12/2008,Island-wide,
Terence Augustine Le Sueur,Senator,01/01/2007,31/12/2007,Island-wide,
Terence Augustine Le Sueur,Senator,01/01/2006,31/12/2006,Island-wide,
Terence Augustine Le Sueur,Senator,01/01/2005,31/12/2005,Island-wide,
Leonard Norman,Senator,01/01/2008,08/12/2008,Island-wide,
Leonard Norman,Senator,01/01/2007,31/12/2007,Island-wide,
Leonard Norman,Senator,01/01/2006,31/12/2006,Island-wide,
Leonard Norman,Senator,01/01/2005,31/12/2005,Island-wide,
Alan John Henry Maclean,Senator,01/01/2016,31/12/2016,Island-wide,
Alan John Henry Maclean,Senator,01/01/2015,31/12/2015,Island-wide,
Alan John Henry Maclean,Senator,01/01/2014,31/12/2014,Island-wide,
Alan John Henry Maclean,Senator,01/01/2013,31/12/2013,Island-wide,
Alan John Henry Maclean,Senator,01/01/2012,31/12/2012,Island-wide,
Alan John Henry Maclean,Senator,01/01/2011,31/12/2011,Island-wide,
Alan John Henry Maclean,Senator,01/01/2010,31/12/2010,Island-wide,
Alan John Henry Maclean,Senator,01/01/2009,31/12/2009,Island-wide,
Alan John Henry Maclean,Senator,08/12/2008,31/12/2008,Island-wide,
Philip Francis Cyril Ozouf,Senator,01/01/2016,31/12/2016,Island-wide,
Philip Francis Cyril Ozouf,Senator,01/01/2015,31/12/2015,Island-wide,
Philip Francis Cyril Ozouf,Senator,01/01/2014,31/12/2014,Island-wide,
Philip Francis Cyril Ozouf,Senator,01/01/2013,31/12/2013,Island-wide,
Philip Francis Cyril Ozouf,Senator,01/01/2012,31/12/2012,Island-wide,
Philip Francis Cyril Ozouf,Senator,01/01/2011,31/12/2011,Island-wide,
Philip Francis Cyril Ozouf,Senator,01/01/2010,31/12/2010,Island-wide,
Philip Francis Cyril Ozouf,Senator,01/01/2009,31/12/2009,Island-wide,
Philip Francis Cyril Ozouf,Senator,01/01/2008,31/12/2008,Island-wide,
Philip Francis Cyril Ozouf,Senator,01/01/2007,31/12/2007,Island-wide,
Philip Francis Cyril Ozouf,Senator,01/01/2006,31/12/2006,Island-wide,
Philip Francis Cyril Ozouf,Senator,01/01/2005,31/12/2005,Island-wide,
James Leslie Perchard,Senator,01/01/2011,14/11/2011,Island-wide,
James Leslie Perchard,Senator,01/01/2010,31/12/2010,Island-wide,
James Leslie Perchard,Senator,01/01/2009,31/12/2009,Island-wide,
James Leslie Perchard,Senator,01/01/2008,31/12/2008,Island-wide,
James Leslie Perchard,Senator,01/01/2007,31/12/2007,Island-wide,
James Leslie Perchard,Senator,01/01/2006,31/12/2006,Island-wide,
James Leslie Perchard,Senator,05/12/2005,31/12/2005,Island-wide,
"Paul Francis Routier, M.B.E.",Senator,01/01/2016,31/12/2016,Island-wide,
"Paul Francis Routier, M.B.E.",Senator,01/01/2015,31/12/2015,Island-wide,
"Paul Francis Routier, M.B.E.",Senator,01/01/2014,31/12/2014,Island-wide,
"Paul Francis Routier, M.B.E.",Senator,01/01/2013,31/12/2013,Island-wide,
"Paul Francis Routier, M.B.E.",Senator,01/01/2012,31/12/2012,Island-wide,
"Paul Francis Routier, M.B.E.",Senator,01/01/2011,31/12/2011,Island-wide,
"Paul Francis Routier, M.B.E.",Senator,01/01/2010,31/12/2010,Island-wide,
"Paul Francis Routier, M.B.E.",Senator,01/01/2009,31/12/2009,Island-wide,
"Paul Francis Routier, M.B.E.",Senator,01/01/2008,31/12/2008,Island-wide,
"Paul Francis Routier, M.B.E.",Senator,01/01/2007,31/12/2007,Island-wide,
"Paul Francis Routier, M.B.E.",Senator,01/01/2006,31/12/2006,Island-wide,
"Paul Francis Routier, M.B.E.",Senator,01/01/2005,31/12/2005,Island-wide,
Ben Edward Shenton,Senator,01/01/2011,14/11/2011,Island-wide,
Ben Edward Shenton,Senator,01/01/2010,31/12/2010,Island-wide,
Ben Edward Shenton,Senator,01/01/2009,31/12/2009,Island-wide,
Ben Edward Shenton,Senator,01/01/2008,31/12/2008,Island-wide,
Ben Edward Shenton,Senator,01/01/2007,31/12/2007,Island-wide,
Ben Edward Shenton,Senator,01/01/2006,31/12/2006,Island-wide,
Ben Edward Shenton,Senator,05/12/2005,31/12/2005,Island-wide,
"Richard Joseph Shenton, O.B.E. ",Senator,01/01/2005,05/12/2005,Island-wide,
Stuart Syvret,Senator,01/01/2010,18/06/2010,Island-wide,
Stuart Syvret,Senator,01/01/2009,31/12/2009,Island-wide,
Stuart Syvret,Senator,01/01/2008,31/12/2008,Island-wide,
Stuart Syvret,Senator,01/01/2007,31/12/2007,Island-wide,
Stuart Syvret,Senator,01/01/2006,31/12/2006,Island-wide,
Stuart Syvret,Senator,01/01/2005,31/12/2005,Island-wide,
Edward Philip Vibert,Senator,01/01/2005,31/12/2005,Island-wide,
Michael Edward Vibert,Senator,01/01/2008,08/12/2008,Island-wide,
Michael Edward Vibert,Senator,01/01/2007,31/12/2007,Island-wide,
Michael Edward Vibert,Senator,01/01/2006,31/12/2006,Island-wide,
Michael Edward Vibert,Senator,01/01/2005,31/12/2005,Island-wide,
Frank Harrison Walker,Senator,01/01/2008,08/12/2008,Island-wide,
Frank Harrison Walker,Senator,01/01/2007,31/12/2007,Island-wide,
Frank Harrison Walker,Senator,01/01/2006,31/12/2006,Island-wide,
Frank Harrison Walker,Senator,01/01/2005,31/12/2005,Island-wide,
Ian Joseph Gorst,Social Security Minister,01/01/2011,17/11/2011,Island-wide,
Ian Joseph Gorst,Social Security Minister,01/01/2010,31/12/2010,Island-wide,
Ian Joseph Gorst,Social Security Minister,01/01/2009,31/12/2009,Island-wide,
Ian Joseph Gorst,Social Security Minister,11/12/2008,31/12/2008,Island-wide,
"Francis du Heaume Le Gresley, M.B.E.",Social Security Minister,01/01/2014,13/11/2014,Island-wide,
"Francis du Heaume Le Gresley, M.B.E.",Social Security Minister,01/01/2013,31/12/2013,Island-wide,
"Francis du Heaume Le Gresley, M.B.E.",Social Security Minister,01/01/2012,31/12/2012,Island-wide,
"Francis du Heaume Le Gresley, M.B.E.",Social Security Minister,17/11/2011,31/12/2011,Island-wide,
Susan Jane Pinel,Social Security Minister,01/01/2016,31/12/2016,Island-wide,
Susan Jane Pinel,Social Security Minister,01/01/2015,31/12/2015,Island-wide,
Susan Jane Pinel,Social Security Minister,13/11/2014,31/12/2014,Island-wide,
"Paul Francis Routier, M.B.E.",Social Security Minister,01/01/2008,11/12/2008,Island-wide,
"Paul Francis Routier, M.B.E.",Social Security Minister,01/01/2007,31/12/2007,Island-wide,
"Paul Francis Routier, M.B.E.",Social Security Minister,01/01/2006,31/12/2006,Island-wide,
"Paul Francis Routier, M.B.E.",Social Security Minister,08/12/2005,31/12/2005,Island-wide,
Terence Augustine Le Sueur,Treasury & Resources Minister,01/01/2008,11/12/2008,Island-wide,
Terence Augustine Le Sueur,Treasury & Resources Minister,01/01/2007,31/12/2007,Island-wide,
Terence Augustine Le Sueur,Treasury & Resources Minister,01/01/2006,31/12/2006,Island-wide,
Terence Augustine Le Sueur,Treasury & Resources Minister,08/12/2005,31/12/2005,Island-wide,
Alan John Henry Maclean,Treasury & Resources Minister,01/01/2016,31/12/2016,Island-wide,
Alan John Henry Maclean,Treasury & Resources Minister,01/12/2015,31/12/2015,Island-wide,
Alan John Henry Maclean,Treasury & Resources Minister,13/11/2014,31/12/2014,Island-wide,
Philip Francis Cyril Ozouf,Treasury & Resources Minister,01/12/2014,13/11/2014,Island-wide,
Philip Francis Cyril Ozouf,Treasury & Resources Minister,01/01/2013,31/12/2013,Island-wide,
Philip Francis Cyril Ozouf,Treasury & Resources Minister,01/01/2012,31/12/2012,Island-wide,
Philip Francis Cyril Ozouf,Treasury & Resources Minister,01/01/2011,17/11/2011,Island-wide,
Philip Francis Cyril Ozouf,Treasury & Resources Minister,01/01/2010,31/12/2010,Island-wide,
Philip Francis Cyril Ozouf,Treasury & Resources Minister,01/01/2009,31/12/2009,Island-wide,
Philip Francis Cyril Ozouf,Treasury & Resources Minister,11/12/2008,31/12/2008,Island-wide,
